num_assets,year,comb,original_cond,s_cond,optimized_cond
2,2012,0,2514.7336451578603,63.92077178816534,7.490626330039581
2,2012,1,1051.2039268221642,13.217692608290479,2.873622137053514
2,2012,2,1548.6998720595834,4.68173829066007,1.3819529846642502
2,2012,3,1949.75883205762,51.20360482205553,6.868222546295365
2,2012,4,2865.151233220693,106.62168720548793,4.795286153748618
2,2012,5,1314580.891799613,60440.523696144715,89.38286966949052
2,2012,6,1935.1316572852486,28.90571346147083,4.685492462609561
2,2012,7,1404.3021059417704,8.61845518339497,1.7467486664987881
2,2012,8,3333.5184865213655,21.283735293392507,2.7572979388711727
2,2012,9,2151.430743912457,10.118705304367937,3.072038132522297
3,2012,0,8105.088806705605,22.1023276510195,7.736458690715358
3,2012,1,3098.0148614058626,24.360735207275326,5.3388201604571055
3,2012,2,8603.77532956108,16.899851776433195,8.579987889389077
3,2012,3,6034.495598086982,15.570717880598384,5.236944727644689
3,2012,4,11995.845807381234,8.783329580208518,3.9995825141884516
3,2012,5,5042.114027504991,14.318493685175836,4.951100541864166
3,2012,6,11154.696857307421,53.214373154052495,14.693353686731975
3,2012,7,8646.742448983412,19.788719257349882,7.684294266866993
3,2012,8,13160.244163115634,4.331685683570849,3.9945105007369466
3,2012,9,2322.1656692453907,34.99203079372627,6.116073361371957
4,2012,0,32147.813991900643,36.96052876719977,15.496739463987229
4,2012,1,11088.082527815539,25.685417707855972,9.254125475974595
4,2012,2,9802.383592267908,11.84187623215208,7.741455800492523
4,2012,3,32384.898615962255,13.499949976321046,11.611119551998437
4,2012,4,8649.297447503739,25.94312040641749,8.013397182364589
4,2012,5,16172.3756997904,9.954579590930273,8.11270108666574
4,2012,6,15724.455609260127,9.817817642706727,7.152715706586947
4,2012,7,22545.186818078204,20.437117739961437,13.681975791333993
4,2012,8,7974.599255817798,17.63539707320735,7.171926901958588
4,2012,9,13123.53228218574,39.057624203588276,18.623957558850616
5,2012,0,20092.7200030522,9.836098459373106,6.990868413718637
5,2012,1,14336.043179392525,23.686603692247928,14.85289789477222
5,2012,2,21681.19104351721,34.3881809761977,15.800937657684756
5,2012,3,42984.852499708875,19.935004128921154,15.476813993427845
5,2012,4,20287.984045139754,61.214883172740734,21.032785210659778
5,2012,5,41936.50254228832,21.308990627812282,12.472736314308891
5,2012,6,42126.82953307399,20.227250252185833,16.794929920347748
5,2012,7,55011.36059918581,53.555223436976746,47.424061390218846
5,2012,8,12260.531092283578,38.60255546945365,14.47724255657811
5,2012,9,26613.858109291406,17.08578504603972,14.820254430711048
6,2012,0,40506.98334065581,21.993196003829063,11.96707014953264
6,2012,1,20915.22762002017,17.524581364300044,14.494759176085276
6,2012,2,12745.93497909256,28.81630810433839,14.553941463332606
6,2012,3,27566.624263054717,44.47842292037498,26.3333726881878
6,2012,4,28598.13251227199,30.920431264588462,25.92484912974932
6,2012,5,40142.88673167786,41.43787821337112,18.950246488839703
6,2012,6,23008.41550821787,41.129194267908694,17.30170918257444
6,2012,7,49093.13593377627,49.4504258882286,21.894681395728917
6,2012,8,25874.769689949284,33.81022039647757,17.71858421030897
6,2012,9,68830.0639175969,29.19729664321497,18.595056734255017
7,2012,0,56825.36121787804,45.57649323826223,29.291420322518793
7,2012,1,21732.42944382781,18.38821675124972,16.413034803222406
7,2012,2,33411.61297578945,20.71823696813656,16.235833402379697
7,2012,3,18661.177840486507,16.451411454590616,14.259601115180667
7,2012,4,32448.99438656163,17.00395260442803,13.602294640359672
7,2012,5,41613.597441999926,30.145734192428637,28.527159424200626
7,2012,6,15903.727425532239,12.952174713889246,9.252780026656446
7,2012,7,26083.759802053093,23.022750454291582,20.012547059673583
7,2012,8,38509.57054425658,22.43605224384073,16.98515303831851
7,2012,9,32574.011977344562,29.43238943672654,26.357439125388698
2,2013,0,2324.3906664021647,2049.9011443083355,9.899170771858447
2,2013,1,1911.407847126719,18.346523521266143,3.5917202005714977
2,2013,2,2529.76705740565,9.98596380031373,4.385902018198423
2,2013,3,1465.7257460334943,81.55431737574185,5.921933858820919
2,2013,4,5474.543399702974,961.19368934987,16.74853735971938
2,2013,5,834279.2019931448,17316.78013638612,231.15694810322265
2,2013,6,340569.5028097126,7568.488286967976,113.99910431746932
2,2013,7,511.0327807284666,18.912670686539684,2.3566802532257354
2,2013,8,8140.078505605733,21.010917142367628,4.934658789598779
2,2013,9,5667.2715560263105,144.289686176671,15.494030811256907
3,2013,0,24612.67911068826,550.4956484416094,43.012372724177574
3,2013,1,18573.61820053031,47.106620958615885,16.894519872142034
3,2013,2,13630.289540113923,12.973340184940032,7.389931562178592
3,2013,3,11393.117962610411,37.49841547836498,14.2794139451116
3,2013,4,17433.267380823592,39.5255710711511,12.51829342649582
3,2013,5,9662.842707794323,51.10040557382977,14.400925913751163
3,2013,6,9807.879961309935,26.99774587488281,7.815165976698355
3,2013,7,7429.459804112949,44.36760147194358,10.186579305595242
3,2013,8,25610.331868828416,75.02318332044436,24.5538369731176
3,2013,9,8976.583397070244,116.22537173197946,15.639336648053135
4,2013,0,12087.136146153001,37.67904290485749,10.190810641371495
4,2013,1,23593.608049468592,18.93001779124331,13.9461285350784
4,2013,2,16320.883630297541,20.90307395392433,9.6864799150651
4,2013,3,28068.071646937038,41.68805633247935,15.838366806146324
4,2013,4,14436.773011722624,14.401906438782305,7.195676711454689
4,2013,5,16033.27223885538,23.0033447777804,10.351332390895752
4,2013,6,15586.835213313421,11.36213383352636,6.351333246478803
4,2013,7,11468.834387344394,100.1890129642125,20.999399066726728
4,2013,8,17908.885295155018,27.895368918912435,9.612338361784868
4,2013,9,17435.935222975208,23.73006782065863,9.370127231840717
5,2013,0,20422.476076002135,27.47468794143717,12.107767944660024
5,2013,1,16805.236360077564,48.719631225163816,14.75245468730974
5,2013,2,17026.465558930817,31.574460670938215,16.49877772351885
5,2013,3,37842.34294227502,38.46538733243063,17.01984570729306
5,2013,4,16291.736159952257,12.748620777345476,7.068698576159611
5,2013,5,10992.973405760387,48.8895188836581,12.981218742261213
5,2013,6,21828.192772378603,21.939019255944682,10.523989205171633
5,2013,7,25814.10433778437,22.329336720970563,14.180983867869575
5,2013,8,29955.358182287782,40.747003092408924,32.3270503128796
5,2013,9,19505.408763870862,16.090059860065715,10.64304273674717
6,2013,0,42384.530268949544,42.29843542845247,18.39841242516962
6,2013,1,37422.32097267787,24.834454349323458,16.499735509676004
6,2013,2,32381.29542125966,20.77950569192975,12.171510161565546
6,2013,3,43396.88332571877,29.164853270088525,12.9305849813743
6,2013,4,34031.766786847846,33.68363935527471,21.779374231227155
6,2013,5,29224.40895122963,19.27154631163831,11.653480101457323
6,2013,6,67025.76518249919,56.894497461417906,31.667699697314816
6,2013,7,51762.268696224855,22.65900643897882,17.8810578446118
6,2013,8,32754.312452093276,24.728402121770326,15.209970418795645
6,2013,9,25364.355408887503,24.0478894963841,14.607046133736192
7,2013,0,28256.805232673552,37.89640688201514,24.106676664396748
7,2013,1,44708.020765202535,45.52746801738751,20.195502611707283
7,2013,2,44270.66227027221,33.0252059898507,15.399297694014667
7,2013,3,25749.09878459781,31.355183656123533,14.26522089080932
7,2013,4,45650.608814260675,69.18023258908227,34.69214902911686
7,2013,5,39109.1859752947,23.126110774893377,10.773298992784673
7,2013,6,60808.0965493626,31.999472603864426,20.04591974653157
7,2013,7,28245.258082448738,23.871263254934796,13.021005832898078
7,2013,8,45521.03854224834,54.063114069842676,23.332654506359912
7,2013,9,49830.65272589644,70.60693858640646,37.582600849140434
2,2014,0,5510.113263461353,83.54528540745929,4.870803105106639
2,2014,1,1371.7819702987056,66.15444722635841,5.777225299321148
2,2014,2,13413.697106555255,16.405485272470923,1.3603825663164457
2,2014,3,21962.285762861567,122.08168037925523,8.087054411826648
2,2014,4,4054.9038100311373,204.2955561805697,8.066089272125092
2,2014,5,1906.3826966219488,695.3963097975287,7.472884324648362
2,2014,6,3115.1887660330553,10.916684906085404,4.321338926221851
2,2014,7,547.4761919222303,14.477008484697839,1.6138870072691431
2,2014,8,752.6853655606627,17.90139555897101,2.742813149308584
2,2014,9,2030.4089657329719,148.37737820397498,6.20221109611296
3,2014,0,17667.072880888736,80.58108427314762,18.000396801460894
3,2014,1,5916.881662692002,11.117900680150745,4.80705885282795
3,2014,2,8404.261716785004,21.556870594549796,5.9612896006137275
3,2014,3,7004.42687779536,12.674837581458483,3.7318170778607147
3,2014,4,20857.127408070985,13.966761276095122,9.307793636175353
3,2014,5,4475.235530780768,56.77649306733729,8.175601989401008
3,2014,6,4396.445526470529,20.471355536349037,5.656799618354235
3,2014,7,3293.1546786412723,33.322399261729,5.3395528544249915
3,2014,8,7089.997594111701,31.892673155158214,9.739858955417892
3,2014,9,20045.093171106557,18.371515391197633,7.064487457089975
4,2014,0,15602.504170587066,19.683620297664287,10.393741076844842
4,2014,1,8449.976275261422,18.508259214110293,6.541517618973484
4,2014,2,17673.375721803113,19.172655740883055,10.028237697058277
4,2014,3,7496.2304570007045,42.51016689724798,16.27849530435359
4,2014,4,28880.849762024154,65.84792958803241,10.796106281008662
4,2014,5,15163.21677597344,24.995870134151176,9.640889006570557
4,2014,6,21649.27242390026,12.9552523104307,9.074851910586982
4,2014,7,13263.411114080334,10.3163782235293,6.405877955962378
4,2014,8,38207.74713494689,12.673695614804029,11.061247751176028
4,2014,9,7220.915912745008,56.784537626966745,11.103258074046817
5,2014,0,22207.1926479986,27.999765314685547,10.476064400818714
5,2014,1,40460.392461921125,19.533665207482397,12.383079059691907
5,2014,2,15140.162632239191,7.44567567378736,7.390719319651925
5,2014,3,12187.648127483157,16.112333335406305,8.639315975331293
5,2014,4,27625.56447093891,14.704023040552986,8.925885921704232
5,2014,5,24568.320431303233,20.44479719060031,14.095819853301647
5,2014,6,14579.25744450444,9.353941224429882,6.880185993710298
5,2014,7,8883.042169029846,10.768137879780795,6.9417196760854445
5,2014,8,21720.26848296747,15.417423934177267,10.627242893032294
5,2014,9,30955.39165297659,14.384032619418942,10.076852554014355
6,2014,0,21679.46147918814,10.285205178296954,8.919392772472518
6,2014,1,18288.502992926264,71.2844731835862,18.224269643204178
6,2014,2,38323.06658490279,22.565622139617037,21.32221595776567
6,2014,3,20719.950587061732,18.581932144455003,11.523130201825886
6,2014,4,28796.320650898706,48.058103563043524,23.665469882417398
6,2014,5,26003.211766163804,15.36807582419784,9.804347706823496
6,2014,6,14715.140250658666,14.178203135280603,9.45316460325473
6,2014,7,26641.139718461945,14.263180800660423,10.02293041952964
6,2014,8,34712.462859388346,13.79826379901229,10.907039392883346
6,2014,9,28232.659887468017,11.878438876000489,8.54299275181053
7,2014,0,33247.54036150199,29.858037361386398,23.308962525645295
7,2014,1,31507.871121335047,19.348717041353833,11.698701056868622
7,2014,2,24295.361256038388,16.477272728728437,14.846478819311212
7,2014,3,55734.379986173226,45.10899733428512,32.925960804169996
7,2014,4,30176.59512726453,25.971518643723453,18.104889980330004
7,2014,5,29327.7449887268,20.488378182124478,30.418188755665895
7,2014,6,28842.031286166493,32.669011179286215,24.373789768382064
7,2014,7,50978.20676805357,35.858057998718536,17.83478387944248
7,2014,8,23926.21950420362,26.84388144756102,19.22913687648678
7,2014,9,42488.36082725335,23.66295772411142,13.19908222789184
2,2015,0,2492.18144664469,3.8443746772372145,1.2399748459706355
2,2015,1,4479.253782925974,14.676016188559426,4.593590756307097
2,2015,2,1552.0248995799013,5.547398844955106,1.5016802291507987
2,2015,3,1784.1311616729402,20.681036708147804,3.6283120613839692
2,2015,4,2373.3063312769546,20.651508661686933,5.240988544271068
2,2015,5,5341.114468757829,104.42342058828696,6.981830793377095
2,2015,6,1244.7070945543105,3.8564029853473407,1.1908280503375066
2,2015,7,2320.6025890523993,31.80007793220048,4.953057561423135
2,2015,8,1848.5895837782439,8.965638016301103,2.829372250083369
2,2015,9,2707.1660850188273,6.531824152669118,1.4010462775344248
3,2015,0,5239.5036280944005,30.01272807197628,6.7964512729160615
3,2015,1,10782.85149917185,32.02265616490671,10.82578542556713
3,2015,2,7354.658432650382,13.345209083605983,5.065178189667038
3,2015,3,6821.855760892544,6.904025642166414,3.3793086778507244
3,2015,4,29479.849730678106,140.32861733267373,11.312569486222328
3,2015,5,13777.861421227337,9.759967786058398,4.696484727483186
3,2015,6,8655.010675764004,20.03490661326085,6.923846122275143
3,2015,7,5751.061459315931,6.507625493649005,3.337656949870289
3,2015,8,17158.026929464682,14.776783730320153,6.363340928392312
3,2015,9,14717.562796352648,4.738102257605301,4.262801095139184
4,2015,0,11630.936446953301,7.7528772471067775,5.866743077758036
4,2015,1,13614.815047468062,10.083039520025867,7.750892354679645
4,2015,2,15695.783969975977,7.855447294124182,7.67886747818792
4,2015,3,7771.097405268157,58.79766942500649,16.507633960010384
4,2015,4,19502.9993524966,10.423063503763938,10.081215629606449
4,2015,5,15833.121973059788,8.362868027041527,6.499703879990407
4,2015,6,14068.912720965847,15.495717547574891,9.781934379744886
4,2015,7,15065.270505298178,16.018592597476275,8.438328858160837
4,2015,8,7477.6469977380175,33.91261464742736,16.531752326098662
4,2015,9,7748.094693369487,41.0954009403148,17.25090921009336
5,2015,0,29286.628083461055,12.23318386813325,10.809096736871638
5,2015,1,15690.403788052956,30.07938465716764,28.22701408659757
5,2015,2,15892.714528922532,21.915173045526767,11.070522254661071
5,2015,3,38912.81325276665,16.865436102046807,11.092108688904855
5,2015,4,17206.84286127183,8.377510620364722,7.368059229190806
5,2015,5,28812.11816322614,12.850757109267956,10.76694407515997
5,2015,6,32229.50025292281,19.45388107631771,15.528511260312907
5,2015,7,17992.694985838873,13.351641189565813,11.06463675316473
5,2015,8,23230.21048137933,16.983888728081215,15.788703480238805
5,2015,9,22182.791740280565,8.514180241844025,8.073030936771522
6,2015,0,19586.26654450567,13.31201208872516,9.692836217125084
6,2015,1,30615.067198274028,21.210067497549247,19.013133379169595
6,2015,2,38160.86359762345,15.910635211741496,12.259182205963288
6,2015,3,11934.486553371346,30.58097748016339,20.70112148072156
6,2015,4,16227.720862027363,15.129112692022327,10.7028207697039
6,2015,5,16375.105246841855,17.884003429051823,10.169807623258881
6,2015,6,17287.362002921014,16.98449064743074,10.098880887230461
6,2015,7,31164.99544021541,12.15929349276337,10.88074927341924
6,2015,8,46979.36382576303,80.79076505432054,73.14707998627495
6,2015,9,31402.139236100404,29.717302131068855,16.688908564816522
7,2015,0,35650.60318841904,21.35271156529703,13.290236053050956
7,2015,1,16939.636050201927,7.59647435971843,7.755291026075828
7,2015,2,21363.75752991041,17.391404367064016,12.63326020086289
7,2015,3,19292.955995410994,11.461153146799063,11.049278474840326
7,2015,4,26806.320351313876,15.90791468394131,9.76897719449688
7,2015,5,28009.993716049954,26.749305979794947,15.113695367954024
7,2015,6,75070.89488322554,33.48127563757095,26.072837984222172
7,2015,7,66857.4224631658,35.08704643596698,32.05468505322881
7,2015,8,45416.905722728654,19.632240286280975,18.03086186316476
7,2015,9,62513.85987935645,45.93649429328932,32.23839013398072
2,2016,0,1862.6108529490705,86.14185061627957,4.826057794822307
2,2016,1,2324.966700381981,15.567291008474607,2.554185210840566
2,2016,2,1688.970837075994,13.417662448032399,2.5921630088106014
2,2016,3,5517.314437901487,61.99935139270206,10.499123465033746
2,2016,4,1359.2028058041287,11.130010385518165,2.914459939871476
2,2016,5,3082.9726613274793,8.027428274631449,3.1639630649915023
2,2016,6,405.3331468929107,118.23798246826594,1.2180107880712479
2,2016,7,2006.609106892634,11.448020210094885,2.6062334706309658
2,2016,8,1181.0732150452225,10.13804166726629,1.2338367164135855
2,2016,9,889459.0790931829,3324.5558840934787,16.472298856887164
3,2016,0,11047.750990565912,11.032091866850507,7.174924569959052
3,2016,1,10620.828809760915,36.41162889042288,20.021825362741485
3,2016,2,9556.901677346958,49.757396053616624,12.8379972348037
3,2016,3,15783.661545232138,159.38805112467145,20.372097214086025
3,2016,4,7071.689316781727,30.987817477007003,9.485941909305708
3,2016,5,6052.850306477021,7.250863292162928,3.6198296409018678
3,2016,6,7509.918581054696,27.37094145520409,9.207802765416556
3,2016,7,13053.549691192067,11.011366995229933,7.133969123736386
3,2016,8,12947.89988755962,18.448602403583696,9.37873103401814
3,2016,9,10140.05667508555,51.04083678668789,11.93371351548882
4,2016,0,15650.6618678584,34.4352346768296,24.32935674778607
4,2016,1,12081.004483748955,16.237502224390433,7.877451651163564
4,2016,2,6823.4928441592965,7.740784574915827,5.439338505880671
4,2016,3,18012.377625113848,32.93722747070389,30.656335958513516
4,2016,4,19917.704604287035,11.138991496825733,9.547042261893122
4,2016,5,15641.97835135997,14.2638786838444,11.192659140462098
4,2016,6,22720.98799495453,16.235616268664934,11.285103917697262
4,2016,7,17799.874541746656,33.298115027074644,16.195368403903085
4,2016,8,16807.747070267444,11.59825811125477,11.318627255884362
4,2016,9,17049.18434517203,31.294734086517447,26.986252834562627
5,2016,0,33833.53304043721,22.81744110096725,12.314117337200424
5,2016,1,37051.64915839571,31.71880226712976,21.5437783418002
5,2016,2,44094.86583089733,27.43783074149212,18.05116081538775
5,2016,3,8236.691892340155,46.04917674519123,13.484694925973619
5,2016,4,45806.78303365197,28.015435479745026,24.2053436520855
5,2016,5,13993.095171932247,21.725454822184552,11.532514359148802
5,2016,6,30920.264984724326,11.855232866371962,9.749146201545749
5,2016,7,16206.677023117096,20.166514710831805,9.05216151175403
5,2016,8,26285.90590480672,11.706992374895485,11.525959097673026
5,2016,9,15463.233762552783,7.678660700217338,7.467253967742527
6,2016,0,15392.401209874773,18.624596431620095,9.984992696879846
6,2016,1,19543.318950446825,29.342897721536854,27.41191593864173
6,2016,2,1240634.2739454384,2256.95674386048,1478.1923428158225
6,2016,3,21706.424519968743,14.784675013165543,9.694582359478773
6,2016,4,29043.419117383437,22.141627249021095,16.440234440362428
6,2016,5,26209.741849725426,14.743618580650931,12.205517779541344
6,2016,6,24941.858430471195,18.690408835376346,14.907066066601425
6,2016,7,19383.597127749494,31.91939380095911,28.042998555118704
6,2016,8,27360.233556200208,14.292117155049016,9.796194467016353
6,2016,9,27255.08535308428,15.927660264706942,12.824360679191576
7,2016,0,27090.473687199028,15.478715964415326,13.408943200193892
7,2016,1,24190.74390921278,11.096596255864746,10.89533142175894
7,2016,2,25194.39530098571,14.819172906541043,14.080861089293851
7,2016,3,39951.86755827729,73.83405319845996,49.75484677330458
7,2016,4,16911.331821964162,13.99339730292956,10.464838354229531
7,2016,5,19647.895466597936,12.692252249907167,12.513949010103135
7,2016,6,23661.889244853162,24.331741411352287,12.450554228597403
7,2016,7,28241.594702941064,39.46142750270013,36.585366567042705
7,2016,8,31064.825065806457,23.80124279426437,20.20156245594177
7,2016,9,26861.460705778896,15.174615446144152,10.224043864798494
2,2017,0,2625.0763244073814,21.36681823698018,5.684293034587448
2,2017,1,960.6728774905519,12.026538992773487,1.858850330444684
2,2017,2,5300.705084800697,18.138748475035204,4.014574373836377
2,2017,3,923.2565020724652,8.060427459582947,2.3407900846723053
2,2017,4,3606.5022077071912,155.3203156242057,4.794627609783393
2,2017,5,3582.3436052738753,264.81105610147847,13.113659894703952
2,2017,6,1031.3328764231046,6.040738605109131,1.3844125015909938
2,2017,7,1544.6228841214438,59.81421472814168,5.905488393428606
2,2017,8,4897.070020842239,47.48803515313516,8.021295359240519
2,2017,9,5329.333560996683,21.671774568926313,8.707597367543514
3,2017,0,9688.92833576368,203.81106371389566,21.16495033850218
3,2017,1,2597.5936538858155,25.96375065634091,4.735109680968878
3,2017,2,15482.250269072172,46.331895182333575,15.254971818690185
3,2017,3,7946.282427308963,1269.5553275965237,38.5038415944373
3,2017,4,5992.282942358093,120.25396491447523,19.253565464523277
3,2017,5,11172.127070098262,18.689415142798683,7.952302235430261
3,2017,6,11134.060006818498,15.852705799743596,7.859714172119982
3,2017,7,8437.191212098362,45.45592973744442,14.032177598119853
3,2017,8,7177.40557216114,57.93756702691349,9.563712375536642
3,2017,9,12248.480480919174,4.563483757779653,4.008955224071065
4,2017,0,26280.929377879085,22.41947253627411,13.217614609320822
4,2017,1,16960.997512731166,22.969842753611545,11.81582467614705
4,2017,2,15920.34494460766,8.841488245493958,5.316079267671735
4,2017,3,18157.237613052635,13.426286299489966,8.977852302545427
4,2017,4,23923.22857360607,11.505062994201742,5.101585103069634
4,2017,5,18407.91952617559,42.03786711026641,12.708874247384793
4,2017,6,13531.100435892375,16.836364738892303,9.993303343009341
4,2017,7,10500.441815152353,22.53182394207427,7.759091442641275
4,2017,8,35687.02407913097,22.920989449388728,14.512824432602214
4,2017,9,45922.29281830406,26.22497639072322,22.42559629145531
5,2017,0,33851.1249642267,20.96409321833376,9.437823916248194
5,2017,1,87762.63378607282,73.37612535250368,24.53632596711758
5,2017,2,31134.776781365912,17.02832360050631,6.609285598807175
5,2017,3,46719.58994843745,28.127547076431956,11.302129030699884
5,2017,4,50399.19359267971,31.813097794679397,15.315023084249809
5,2017,5,29163.806710735225,13.129256086295989,5.468916984051366
5,2017,6,23092.012252374043,17.67940986601581,9.437844022300535
5,2017,7,15952.603309521834,22.147520851393896,10.82800105942073
5,2017,8,18554.523106319375,11.405974034951361,6.704053942655563
5,2017,9,14280.11639039235,16.90836110346537,9.907317316432511
6,2017,0,22006.91904965681,27.80727179084422,11.466160246472874
6,2017,1,31957.26830677657,22.845467490264273,10.699611516338956
6,2017,2,41423.7781142788,23.502936714393066,10.813195793965821
6,2017,3,35690.09759952788,29.239919626521633,14.400878106268449
6,2017,4,30685.064666834493,18.520824811984237,9.8982988186566
6,2017,5,28507.879942291856,18.325783461261,10.725815862992059
6,2017,6,21059.746077310425,23.243849225430857,11.275266396308995
6,2017,7,35185.584895305365,29.403263092406966,13.712680065086106
6,2017,8,34397.067755648444,20.519831751106224,17.41215056083904
6,2017,9,44744.48582613391,35.65635364645596,19.05993674919616
7,2017,0,23518.273661228555,121.06655773060086,31.813722992402965
7,2017,1,32923.61355274509,20.549160273166656,8.568731469797358
7,2017,2,45990.78149771109,37.40721418823106,16.464996273820994
7,2017,3,49119.66294706271,33.266544424457784,18.577691655742925
7,2017,4,79740.21516828425,119.40422439612601,91.55709714142904
7,2017,5,57858.47304450364,42.12359713458181,19.948690560108183
7,2017,6,21579.46320407897,16.07370603932107,11.003348709048934
7,2017,7,42425.085939944656,24.00845584858536,40.27531746562903
7,2017,8,60553.53411552394,48.20411164327356,22.161654226611848
7,2017,9,61872.32330430044,45.65263667548648,20.40254274279268
2,2018,0,16620.405093869373,45.45837667438716,3.3987993803423904
2,2018,1,1255.3166093946738,25.568890309463995,1.9992624753999793
2,2018,2,18235.92759408311,419.95737964733485,27.78424871290898
2,2018,3,95664.5745455491,626.2298600503871,33.905252575303486
2,2018,4,862.3215615206933,23.042202042809713,3.024571724223688
2,2018,5,35767.18546079223,421.33630269411645,16.108569375167633
2,2018,6,2397.6042230946537,13.134283318158719,2.2666958732298337
2,2018,7,4499.425818489948,12.525144352763395,2.811540333763172
2,2018,8,282759.3050122295,1043.961409162212,15.656532695914718
2,2018,9,220836936.7652528,1012291.2949965595,728.0840236750759
3,2018,0,15715.897323345633,18.582077086791177,11.002214005215116
3,2018,1,15037.550553227073,19.66760298192169,11.452951757371274
3,2018,2,7763.414465111055,20.091832694709595,6.4896913949645105
3,2018,3,7960.232199389775,46.53902624327584,10.751924347613908
3,2018,4,10351.827022417088,18.01675944505087,7.751860793634978
3,2018,5,15102.013759734504,13.885719484739674,8.237952714429573
3,2018,6,16890.73031396189,10.732676384578497,8.80693950709355
3,2018,7,4543.980749798851,7.504979564217003,3.7692109731359795
3,2018,8,9456.711365605044,4.735931130316203,3.5998136958075855
3,2018,9,4645.989698581484,74.47222248283539,10.280931190346944
4,2018,0,23721.566988891453,10.450928882892482,9.894186744382546
4,2018,1,7757.935329968054,35.810454474099664,13.444608689827364
4,2018,2,30915.851521754765,19.898719704165067,18.63107476228312
4,2018,3,11410.793043781248,113.79875164990672,21.49069682665829
4,2018,4,10581.096002595146,11.906512690860444,4.619402544247218
4,2018,5,17144.6826935982,10.643056463855265,8.520626699752343
4,2018,6,11884.997504658138,8.8404607361325,5.388448626300493
4,2018,7,19875.212425615493,25.12439009638217,18.992647158256286
4,2018,8,16063.232083778656,7.46968001990734,7.008537819836824
4,2018,9,12764.359335408459,21.3624343002328,9.633022275100142
5,2018,0,25232.020978390876,27.94574002485352,21.867575447091145
5,2018,1,17165.966727079955,8.508277293546927,7.761495304341415
5,2018,2,12620.256287873917,25.290870198455668,12.30745529758174
5,2018,3,22753.29783426054,12.82262151866241,12.321972263315683
5,2018,4,20772.351128603405,18.086455016357647,15.037167803597224
5,2018,5,18339.025517671842,40.27390460855015,25.212625296212178
5,2018,6,23048.82196631713,12.656650214287307,9.126492421989356
5,2018,7,13419.590301929587,8.726590593705707,6.447241777677917
5,2018,8,15233.024501206537,16.415904174213722,12.21670147288161
5,2018,9,19692.13583329152,14.660077736541915,14.5596032665384
6,2018,0,17232.83268284691,11.299203957716879,11.281664099038881
6,2018,1,16388.513637751632,13.102020693652006,12.731793753250733
6,2018,2,15628.057109992302,20.900735365811464,11.793466248900963
6,2018,3,22833.555102167542,19.520008528734248,18.669795232460626
6,2018,4,27186.34189379765,12.19051243360537,11.09687346023297
6,2018,5,13152.185883883987,14.939575043442195,11.448890208982304
6,2018,6,14313.458977284792,12.191439654659133,8.834014730727274
6,2018,7,19908.257218264338,12.376190335677357,10.469747149995516
6,2018,8,16623.857522093513,6.665027016119228,6.402663048906566
6,2018,9,23992.84386361067,14.83574517838527,13.920012178978618
7,2018,0,27280.707313120867,22.395672831631323,21.288315660542555
7,2018,1,46562.081298193094,38.514390678455136,34.628953589102004
7,2018,2,25891.8927383528,16.741369282802832,16.132564049077033
7,2018,3,20629.376103133414,9.809835280358248,9.019989400483318
7,2018,4,39432.22154688927,31.589904587636855,30.012960193283142
7,2018,5,23102.42065954054,19.705657274064652,19.518544521182516
7,2018,6,16252.31235212731,26.808334083139414,15.7870464139278
7,2018,7,17128.79411533496,15.96731498684961,12.719752247512458
7,2018,8,18288.9167455961,17.555688487761188,15.670164365875024
7,2018,9,27213.037198767965,18.744401666918204,16.866777676287004
2,2019,0,2295.9349959848664,86.69522396185587,6.635610657811194
2,2019,1,12676.400897895976,22.66433857017614,3.9355806064634047
2,2019,2,3051.8362757767936,379.5496782828462,11.996169745964767
2,2019,3,2511.04680477592,36.26086978497852,7.23097094759827
2,2019,4,94604.01027236083,3966.238309387154,56.145030537063974
2,2019,5,1927.4375859568152,197.62732972100343,9.628166494892067
2,2019,6,2297.3251047189983,431.3521973427199,7.406360059512304
2,2019,7,1596.151220187374,91.74848872540583,5.956539710435764
2,2019,8,4297.572056078286,111.33497040146356,11.225155779463643
2,2019,9,62773.679525337306,2353.67442953555,40.66960923894641
3,2019,0,56396.99466790745,2128.1212693932853,66.93236006173088
3,2019,1,11309.449404719933,18.440161236500465,6.853332029510701
3,2019,2,13728.515971219624,45.08340210123071,12.432382282232952
3,2019,3,11524.514141289521,56.22646052869374,11.496077489857699
3,2019,4,2714.7736220278007,73.5831790800933,8.074749687924875
3,2019,5,15799.49920359212,31.02011684131411,10.773991664987166
3,2019,6,18828.25599017154,20.954441117746118,9.66582753983378
3,2019,7,7625.058896456876,50.00718021750595,10.269945926245743
3,2019,8,15469.535463342152,44.394880931449904,13.848871615346837
3,2019,9,16030.961533103698,15.243270344546485,7.847533471848624
4,2019,0,15644.144032606031,16.039479157040294,10.332817689118057
4,2019,1,12494.84746933522,127.56889087132679,19.09756519849018
4,2019,2,15345.907744105518,86.59449791160843,19.53097015671955
4,2019,3,14214.786108162603,36.45250268377165,12.328538118448877
4,2019,4,11898.018738634782,33.849193878756154,14.826732336207607
4,2019,5,6195.4645505483795,16.870196797460892,6.2990675408746455
4,2019,6,13598.17187883701,6.704593748428457,4.848992605619613
4,2019,7,10413.997162498361,40.41257070799827,11.321342991124206
4,2019,8,12942.438337833335,13.54759575286968,8.277782141267313
4,2019,9,9623.888974312178,66.08595486358193,11.456765298736299
5,2019,0,18937.892094439856,71.8569194974241,20.086225031103936
5,2019,1,20418.1487355944,27.954938060394397,16.604694762688666
5,2019,2,18217.875708370513,63.81155748262521,15.416014296326372
5,2019,3,22494.972384320725,22.721236441785962,17.825461545496324
5,2019,4,36707.45551134636,44.43414806166379,24.503936617883877
5,2019,5,11353.462429360878,24.96661530020413,11.027400501546431
5,2019,6,30926.54746084147,40.88753029673041,20.897369461220105
5,2019,7,13166.555444201034,31.215721465875234,10.993811551677494
5,2019,8,12098.36747164919,17.503051317599034,8.553949159864354
5,2019,9,16708.790301086945,29.500364187694217,14.680958663271154
6,2019,0,36463.14026275684,34.22756473656472,15.724186086449146
6,2019,1,16940.255250982747,64.6440478564043,17.249799989337046
6,2019,2,58393.99903551506,75.53984271191433,44.37102183356615
6,2019,3,23629.720836767625,196.4881145243376,31.892116143841783
6,2019,4,14464.221968393414,13.362285797488262,7.447795545139956
6,2019,5,20436.018357489193,9.8422256581747,7.653273771298166
6,2019,6,14250.993910031106,53.1885662785388,14.009988043129317
6,2019,7,33507.77392398146,41.835772429015364,19.63126169551728
6,2019,8,22152.012703768574,42.385880979063884,23.137865330315766
6,2019,9,28639.251435307797,18.12995929500816,12.788099878661916
7,2019,0,49814.47353822516,53.70957354569136,35.64557373221152
7,2019,1,18383.658703027406,23.681061332198876,12.788347139828204
7,2019,2,14158.46884772621,87.22327705575108,16.142234494368534
7,2019,3,19602.123539829103,24.348212132537217,14.192601909251636
7,2019,4,25586.70111571976,37.60506450325535,16.049203098405286
7,2019,5,25808.224244985093,24.6983672000471,13.549586114659467
7,2019,6,16186.013335702175,28.980041129519023,12.469060260714482
7,2019,7,27749.972037943655,26.395564252804498,17.694155088077295
7,2019,8,45654.77274765045,37.14887541974032,71.21918221685942
7,2019,9,27457.591853663962,57.57946127876519,21.31318257742199
2,2020,0,440.7898825147329,317.51317539028236,3.716148507362136
2,2020,1,631.4348821456986,161.97196458733652,3.3792439712906948
2,2020,2,87807.63233503517,4671.565923050718,64.70448379723445
2,2020,3,21421.712499619785,5838.914978403172,35.304456591942134
2,2020,4,9522.933247739493,478.31806999300414,20.70916652108391
2,2020,5,4942.146408037507,53.906476919151636,4.348373005536929
2,2020,6,931.5688345754654,241.58853991610724,5.544550410032848
2,2020,7,1803.6429028925184,196.83469396224714,6.545859234726209
2,2020,8,4060.405644811705,665.8342562894325,10.358594245474983
2,2020,9,2264.4096343752035,246.58158170701014,5.223936555001347
3,2020,0,6273.182958366544,114.95262442010421,10.812118627213229
3,2020,1,4361.025841518681,78.5389849645506,7.441557225387014
3,2020,2,13347.627753975736,301.8688286140049,24.965021461648355
3,2020,3,4939.080984552553,186.5769852079213,10.88640888542706
3,2020,4,7312.566972767897,290.7619421525307,16.81035777761921
3,2020,5,4387.926536974563,45.74210815434632,6.795265628994634
3,2020,6,4569.60800736856,81.36727492471717,8.284661465554999
3,2020,7,7020.088662015705,45.90102868219882,8.32298710573434
3,2020,8,7057.193904133847,176.94557446074836,13.076972125842635
3,2020,9,3537.0234407612725,71.18111075676502,8.478846273336002
4,2020,0,6372.405386786221,64.21135739573076,10.589511578652983
4,2020,1,7550.564899682581,87.05709483280903,14.435227815092162
4,2020,2,8479.48084965126,229.96161209886503,20.7559719670513
4,2020,3,5368.99887846086,57.0528180629248,8.522169675549932
4,2020,4,6421.705149519792,175.53886671995897,14.568177781123525
4,2020,5,4685.995340282891,164.31163508367524,10.51017038189593
4,2020,6,3711.0902402164475,275.1101376042476,13.746060122588487
4,2020,7,6318.902497314029,260.60560770335655,18.149881145507415
4,2020,8,4100.949142783366,204.35492717060185,12.131544008635142
4,2020,9,5277.2350391507925,196.67795386190673,13.76053969979597
5,2020,0,9034.143516731136,133.59677767827466,18.068208375557784
5,2020,1,8468.537375074478,87.76648157966288,14.400178919288685
5,2020,2,7569.253081473877,203.3471739700781,16.577854589294347
5,2020,3,12203.586028216077,161.4875394885967,21.139473291296685
5,2020,4,9692.802944849194,145.28071088556675,20.7798292213261
5,2020,5,12229.869270353058,330.7480323364411,27.069176398206544
5,2020,6,9379.990610777186,159.52083924797978,19.179635129272768
5,2020,7,7668.356122167716,77.85004519716765,12.121173038731094
5,2020,8,8069.185020509232,75.9881693896005,12.07300133454048
5,2020,9,6132.815273883262,110.35048997014351,12.486637099775393
6,2020,0,8541.407734899987,78.87736014747031,14.292039495531434
6,2020,1,9754.678291765815,116.31576162498357,20.41505758877733
6,2020,2,12291.554323386266,131.55983578618248,27.153973996589695
6,2020,3,13491.767777546384,130.2971448697455,22.64816386417389
6,2020,4,5460.67446922711,137.6610523545313,13.933378476741002
6,2020,5,21771.59162715565,123.67933880810793,35.09729125184666
6,2020,6,18336.464219729372,68.23685629390837,24.734991931354497
6,2020,7,7767.437141427212,133.44852193674203,14.908107296662005
6,2020,8,4906.850934074743,97.67215579937249,10.0151985275178
6,2020,9,10802.334057198414,67.08421410709487,15.501776932159752
7,2020,0,24861.32616644723,105.59165634770027,49.588704089731756
7,2020,1,15189.293918484707,68.55854366178166,19.55825118569912
7,2020,2,14777.599520304726,93.40452066270333,31.454213889791383
7,2020,3,24662.102832312063,92.15260808583724,54.604139463726646
7,2020,4,14359.414841464964,94.4020214676601,24.233460811428692
7,2020,5,7644.712452349272,146.12393368206446,19.303906567238148
7,2020,6,13058.67683550619,409.4450127520499,28.346422208331465
7,2020,7,8862.00869478164,77.985892083842,14.71952582069993
7,2020,8,28249.256842357358,130.84072655648927,48.72728125456417
7,2020,9,9762.41051174703,149.36667028562758,25.441688870313317
2,2021,0,11152.919927439776,72.01706919323378,6.7637649510792235
2,2021,1,616450.41026953,126253.01925126504,228.0660439300732
2,2021,2,1199.2985128241237,6.6961771290724625,1.114391233354902
2,2021,3,4534.171889794068,31.648561950396754,7.160613497895324
2,2021,4,1002.2462477209034,328.7853968643024,4.155907166456229
2,2021,5,1512.0252567845525,18.73495241931343,4.375689269625604
2,2021,6,2017.0338720795612,255.50110601849536,5.848829813635794
2,2021,7,6067.155680453079,563.16035778679,12.50985295438738
2,2021,8,357277.6376789439,1768.8697031510142,27.020379567661024
2,2021,9,1901.1598763316863,97.75136607573653,6.353940972841408
3,2021,0,9600.78140960736,13.416983554334474,5.696601559644943
3,2021,1,2003.7234832136855,24.43960965925952,2.83781232790727
3,2021,2,3740.3811412055375,21.899964993625243,6.31359177660242
3,2021,3,4038.1582328352315,22.573215264302167,6.7637586404091286
3,2021,4,14633.345238215194,12.738576487116369,6.311048206231379
3,2021,5,2323.1069128047857,43.57025439893266,6.983774215140579
3,2021,6,4948.426305557157,41.68991557291112,9.371271939736141
3,2021,7,5061.608330246193,29.76144582035117,6.107771411574922
3,2021,8,8190.936371888701,12.028462087122223,6.20210110024893
3,2021,9,5340.675661841882,42.890890101304706,8.568374772318858
4,2021,0,10422.649018806786,13.215170876584175,10.353843911355188
4,2021,1,16000.264222897094,24.641651952145466,14.333104377111859
4,2021,2,12927.912985141771,13.081188078494396,7.849767008044982
4,2021,3,5565.312238509569,18.0597696454995,4.837547922041964
4,2021,4,4901.391023570571,19.925296413603075,3.6273385872853012
4,2021,5,9427.839078355406,13.355665125004553,6.542008170633617
4,2021,6,11851.668689966522,92.59268028508339,16.692233374641628
4,2021,7,8804.359234710813,42.36734772552647,12.765647685254702
4,2021,8,6086.722226399032,107.22709497237794,20.847017003926926
4,2021,9,11247.159566792267,13.817017874116457,6.816309258529996
5,2021,0,31740.81172616152,31.879275694399716,25.248238474415263
5,2021,1,26538.8618265851,58.92371723485988,19.53155408133457
5,2021,2,16480.372361909245,46.50773432145094,21.134773303060754
5,2021,3,13921.409417699153,23.533104877267505,12.466517912782594
5,2021,4,19284.475859406368,9.719561418313043,8.529009094176281
5,2021,5,13829.965087171197,7.714406742659609,7.247119036471922
5,2021,6,23955.49876688921,27.995831837181655,23.757910910231402
5,2021,7,7309.67772896604,108.58298919699723,13.17267097045234
5,2021,8,16507.502355148088,17.248026489593403,15.821076434823894
5,2021,9,10912.228456189976,10.370703930359072,5.976968242327828
6,2021,0,19794.92957792094,15.255997641551199,12.74310094748795
6,2021,1,14722.365412779067,17.70496267944144,10.235705394040009
6,2021,2,28863.097336846557,27.898383565978722,16.748566244896054
6,2021,3,22445.11104713249,14.858885341387596,11.739333210764055
6,2021,4,12425.35778594701,34.51678861431534,12.711430489154123
6,2021,5,30680.735354179473,15.930202745618367,9.648987925777021
6,2021,6,31209.379228702353,23.933002350504452,21.39639239109107
6,2021,7,13200.703775946262,13.984456646224654,9.036755746215201
6,2021,8,19928.54954590361,20.888432785063344,17.648485407505042
6,2021,9,16082.678803087409,21.939825047443353,14.629443801618098
7,2021,0,28775.315191578517,23.933116406997804,21.35112754935755
7,2021,1,23176.934719816254,29.291181751237282,16.16899100948837
7,2021,2,23573.967532932955,16.1429486723639,11.072140495457486
7,2021,3,33412.852403920035,23.743573198057558,14.726309827459348
7,2021,4,16600.212106465173,25.14382198976013,10.471305248159236
7,2021,5,16568.775437788976,18.484007322301434,12.384548641663498
7,2021,6,32448.405825779093,91.42915587348973,74.95707833191322
7,2021,7,25940.85678209999,18.786892418636533,12.849428218739524
7,2021,8,25873.623067063247,17.439016263647332,13.04699327387939
7,2021,9,56768.5397970693,55.63219368017194,46.859807763965996
2,2022,0,1587.819346965022,24.892403249487842,3.151868292044618
2,2022,1,2500.9525306413107,17.107977506547815,1.3335067252501145
2,2022,2,904.4713161361459,359.0702727174666,5.489433748133196
2,2022,3,563.1032752741999,32.30408882444369,1.7386601202267138
2,2022,4,1103.127700542238,14.572836494896041,1.6571561027464037
2,2022,5,4171756.01062513,36226.65140459169,246.4344233374155
2,2022,6,814.3735294534416,36.18443392240778,1.9457654889174205
2,2022,7,3372.7561756726654,3317.7185244973075,13.21815949679072
2,2022,8,54100.010736066106,565.3133979039192,16.002864489703242
2,2022,9,8043.370505730546,25.24744355307278,2.7027574004787125
3,2022,0,3691.422020132572,22.96028256715974,3.92146810758064
3,2022,1,4505.245539659496,14.988076749578346,5.29596794017913
3,2022,2,2466.121746941996,1592.3840050775675,18.985168046921395
3,2022,3,10252.35618408058,43.91714457474267,16.37844368838158
3,2022,4,4668.832528918903,46.965419004207966,6.632109904175632
3,2022,5,23561.180230895145,14.832341296085247,11.448887278943957
3,2022,6,5481.8621192066275,80.58659881379245,18.6278017482303
3,2022,7,7870.9475967299695,9.26917486001301,5.5821208286329105
3,2022,8,10601.402955932028,19.16792445505759,11.587582578212032
3,2022,9,10284.478820582139,34.452522943373275,10.66269190513919
4,2022,0,7751.750491304696,32.506441263212146,10.856944331990277
4,2022,1,15430.365327979942,23.483320618236586,15.073915522050973
4,2022,2,7137.767928848958,12.914488636173303,4.841791437732054
4,2022,3,14589.470134360465,34.15579442112858,15.650791258371695
4,2022,4,22629.208656928935,10.244279035780417,9.940293343100834
4,2022,5,3879.898369353424,89.23444789519357,10.386022398176253
4,2022,6,20092.641357752822,30.530322757258023,22.27757485478343
4,2022,7,3243.0244989258667,43.32440237025134,5.5407225860260105
4,2022,8,9755.276162670258,24.11608202467363,11.897966739636894
4,2022,9,12812.180432186371,62.9483900883438,17.063886402078555
5,2022,0,24511.447009504416,22.358694805434634,21.94329083569556
5,2022,1,18324.762004634104,10.320266960762154,9.057685120551305
5,2022,2,4669.237349839863,103.42913472192136,10.270928768775198
5,2022,3,44682.359762248634,51.241000458095606,42.89218239373024
5,2022,4,19426.080080836353,15.906887655117766,12.852734130157405
5,2022,5,7309.157276994045,54.77019719333775,15.775629967720175
5,2022,6,16850.57046598794,23.922780520588493,22.944104600014743
5,2022,7,8986.395698660323,23.54777106543781,9.910731170638659
5,2022,8,36232.544695382305,27.012372585983126,22.256469051755122
5,2022,9,13881.623061250071,37.48208227115061,21.129649315384587
6,2022,0,11509.459485427484,70.13470331985988,22.951810149316447
6,2022,1,22105.375743556033,23.148430702096732,22.95718685961583
6,2022,2,30441.158607695765,13.044443618754821,11.484669729125232
6,2022,3,23023.827858178087,44.45186966826911,41.696066218418366
6,2022,4,26030.18397852439,58.37968277079426,49.45251473617148
6,2022,5,22258.969988473415,57.180705268762765,49.00188562924678
6,2022,6,8922.289083472853,51.68497609050284,19.699972105449856
6,2022,7,18982.102103196023,43.251119999579224,29.765995552954116
6,2022,8,23843.10741358726,26.227256498546268,23.88641392513021
6,2022,9,16909.452597874744,41.79699945377068,29.852352363116676
7,2022,0,21922.296057861844,47.86018376450059,38.93154951378255
7,2022,1,12551.397582509855,31.138111507571107,13.98874502456021
7,2022,2,16778.594299474316,76.29988729753998,38.89810440594849
7,2022,3,39204.08379867075,76.01942067808658,63.69255277818944
7,2022,4,23825.867619827928,48.47973809932158,47.14915883371004
7,2022,5,30709.922739498303,34.480424835583676,32.95778170882373
7,2022,6,32171.05373274494,63.66186892652066,51.2346929671468
7,2022,7,20076.15010809711,24.527380681331927,18.955046414934795
7,2022,8,21344.446071215723,42.605738825462126,35.47229936034859
7,2022,9,8747.66545619537,56.173243322020916,18.09611227289168
