data2,data3,data4,data5,data6
0.7992031127821114,0.1031249868918906,0.613941131317376,0.3907746745909539,0.34106258345698
2.885049786392909,0.5205858356224754,0.7310145686945633,0.4167285296577905,0.3562982404231544
2.938057295774026,0.231250274811572,0.4090303519569011,0.5243336910241793,0.4199764775896348
0.1524551399738319,0.4926389796518242,0.746681989347426,0.3357374792931765,0.5052558760127138
0.0764910486492786,0.2858096576238849,0.5107330777175731,0.2046538881848157,0.5894966114302115
0.7810200823665531,1.0568775109831674,0.2029181704521367,0.6586843578224459,0.5095759749897183
3.3939854126422144,1.181337450842063,0.5861901493409749,0.1968835571171863,0.3745654770964359
3.7906422057233495,0.3513788001298787,0.4302373130210005,0.2290753641482583,0.3884397149693335
0.6794283582216355,0.4439155168440656,0.5738239763814927,0.4023004334223048,0.4565378283846618
2.153352643124649,0.5281285766529344,0.6105151146795308,0.1621672245135838,0.6836326743734024
0.6739294503954971,0.5651242804112129,0.5389485467436502,0.4922225225397809,0.5321726880818428
3.373350542349872,0.6523658133997092,0.6154323559741903,0.3457743119326407,0.4745394467915375
2.366038748532319,0.6684005877084522,0.3699218199536426,0.5408878985424979,0.0871419093887053
2.8708469550381177,1.4185649501925872,0.6813230031454092,0.1779358048776727,0.349257079980513
2.3045227487448834,0.3487517622911388,0.4629152671067225,0.1283124360126961,0.4654222741046501
1.5866847665850292,0.8453182601565633,0.6844546833522371,0.3340962427065166,0.5822674904434297
0.0414597184570973,0.5291719966413528,0.6939888509137364,0.3958057055485428,0.5560046721930629
2.4647021471295454,0.8126950700336733,0.359367523475224,0.2812609972857557,0.5976724222263202
0.5684538014090285,0.1278550669912914,0.770316131870536,0.4611011826903871,0.3533578398033499
1.778211847482596,0.1714485151327707,0.5036519563490385,0.1843072476048575,0.4772247841665125
3.625704192302324,0.1887979179592714,0.887506937401862,0.5131170825635193,0.5241125798469141
2.1512472269453604,0.4165645256183706,0.43457255352382,0.4480746587707428,0.5935917549903162
1.3554928515227815,0.6716954943633724,0.4073522346379898,0.3864846939246218,0.6341733595440561
0.3112219063609797,0.2308573455376407,0.64314145514008,0.3541240406921846,0.623218403218814
2.184878310309486,0.4888901404836867,0.6949401918821363,0.1865035486251959,0.5336658157822228
2.0254707749726246,0.2520704557458337,0.5095979970547732,0.1108059850101069,0.3645397648680411
2.63493672734037,0.16073681577485,0.8071599461561004,0.2303515987603704,0.7154450820295022
1.3529601123359256,0.7798298683831276,0.8039983915774681,0.1915185051890231,0.323312126760829
3.510051548154632,0.2482799256790425,0.5927661580472648,0.1824278241280921,0.3067341809500334
0.0128845813387656,0.1387694374084813,0.6133311984966467,0.4230916493173372,0.4462311174246683
2.3264140262918462,0.4128362406092031,0.5120738393365548,0.3319082507065987,0.5857010304668875
3.742156900389593,0.4835515564785689,0.6385155576725519,0.475678885224914,0.75563683497
2.12514044737094,0.3632861969530551,0.3260276149087175,0.0840760058234671,0.4569304525710306
1.0693948482718048,0.9964092811938344,0.347543042310464,0.3047814310257691,0.5279392613839636
2.447929655006967,0.5843617524659408,0.730701945217331,0.1905330869357284,0.387189122145379
1.2309119907764017,0.7218634205486163,0.7650476283833963,0.4257124623567918,0.5838733006378788
3.999087995279106,0.7957986325938798,0.4673706085083183,0.3242561601388887,0.3882616556507999
3.36786293884388,0.0367003838242781,0.6662367951350676,0.2568047647945606,0.3987511397662266
2.8228311907985115,0.3573193882124917,0.4585978029695814,0.1873456096304286,0.4177491386138879
1.2300364162921424,1.140857263433755,0.5712883236504961,0.417547171487482,0.8393799291801806
1.6795661225434713,1.1327255722971492,0.239125176160467,0.2386963415095551,0.4879462435258035
0.808733499319471,0.4278460408293235,0.4246204836697811,0.4475253387160467,0.488567257711527
1.3987801327777274,0.2748161512809759,0.8033332827752605,0.4078432869016061,0.721938013884539
1.8424506933879317,0.8809224448995607,0.5637361465360128,0.0506008975327236,0.3492219848865308
3.7717939145556234,0.5773052092082579,0.6648515523976659,0.3699116493100927,0.5719108166111392
1.533543928049903,0.5065680625638925,0.2968874956862035,0.3891257935454933,0.5355142961870716
4.089485687746378,0.4124477704764199,0.4652903639453042,0.3524954501463256,0.6108296362973917
3.3982927848248745,0.3609265113527227,0.2825962012575413,0.5514086869945535,0.708023073370127
1.9876782143963048,0.5622616282603057,0.2702105721009499,0.3687591017579956,0.5901911507140299
0.435834209391066,0.4128893700444803,0.5439085427526755,0.5426772647234704,0.2042077793423531
2.241643817301302,0.0075891781935444,0.6946866664918814,0.2658377182305084,0.3454290325167631
2.066621760526413,0.1665792166721347,0.3935367255453981,0.0980624121685763,0.691669443333422
1.280700701321435,0.0217271935776245,0.4766084558877032,0.1834036743363006,0.5098661333960086
2.081203886554688,0.5077493344132539,0.7063052890152703,0.4299207657271584,0.6649129197256913
3.873447845642691,0.8081434041976846,0.35042580830974,0.2257059819240622,0.5049082029161829
0.5407664889979147,0.0837706775064911,0.3942892739888144,0.5139454161429589,0.5421776701560284
0.7181411402274349,0.6696318484387703,0.7980729289490551,0.4749828577233503,0.6563866922518342
2.391663618113983,0.859817530441946,0.3236592512593099,0.2019182668344223,0.5277896339627389
4.0383128963981925,0.066505458578046,0.4628136416646,0.2561642610624869,0.4738921287707859
0.9494571984757192,0.4215328529636835,0.7569222870527774,0.3093377701787941,0.3194208845771066
3.0378719724070065,0.7042857161808259,0.7347994404092766,0.2199926783609815,0.3322144204948487
0.719087182615969,0.3303209544487325,0.5681283576908358,0.3031117787868986,0.5775452206983009
3.6884634353125514,0.5108440784205373,0.6560433204770183,0.6142529162387658,0.5717388921696263
2.1587968878664525,0.3492131081851146,0.5119775417207827,0.5445611444762689,0.5614412716909802
1.8597580576937875,0.6814462799987431,0.7279582099161142,0.4412607840242867,0.1783554427067199
3.3716657888938464,0.3179966851138537,0.6343551522106893,0.4007900082900331,0.3032129300585542
3.815442863041323,0.6919335242625942,0.8519428635693117,0.4238080158203771,0.4574942004099743
2.247540898487509,0.3558804315305987,0.3838901914156268,0.0563546217846644,0.4280576446198396
3.935311525979607,0.7368088381472455,0.6699391356266411,0.3760636226595857,0.2917195463086033
3.566530602011968,0.6911737640117083,0.7697932639998258,0.295827892624996,0.3470673635167032
0.0066898115051754,0.0816780675718986,0.4694385865454101,0.3382484488353319,0.4322774917507069
1.4953727264761147,0.6397268585627195,0.7172989923518748,0.2209901561393745,0.3382664230103444
0.7920652750141683,0.029814285180282,0.6068494027944822,0.419951292344311,0.5309398143229643
3.2077061440400074,0.6776206399083943,0.3072574751801515,0.3087041352228734,0.5546650491432649
0.1098077038448141,0.4355800994887593,0.2531901720580064,0.2977479432830247,0.4891527065122549
3.8322862530192414,0.3702945565591622,0.6967165160104705,0.4642620981505647,0.4177503443995806
2.539621938972959,0.8170139864714313,0.566926589916693,0.6043210466129321,0.4506973682079985
2.8194850235963824,0.988939951369598,0.6977932794097994,0.3918247734546956,0.5888729724996409
1.7365462205348818,0.4121024973202183,0.4958072655661111,0.259239390412718,0.5121396800729535
4.265408168454263,0.1201542208292175,0.4834591827849689,0.4916460718594794,0.7557973154169088
4.19761324973347,0.750515835527317,0.4029134628993507,0.2711925582691587,0.5884567939454438
3.46403693085794,0.7902983900960474,0.6086013898337855,0.234589921148981,0.6411709329964749
3.7517066215202535,0.6161442385669051,0.6542915811959009,0.0253374292515448,0.1907644341875758
3.368213854391705,0.0803131240478795,0.360971330363455,0.3480304868809045,0.2458591450085671
0.639538902795298,0.3013200346104958,0.7537279831298294,0.5141330353191507,0.3621807877093027
3.826379892329573,0.5099318701133815,0.7786300162125938,0.4107435700546248,0.4742513121500636
0.0345622718397711,1.0303916641071815,0.3907093223939289,0.2611841957939323,0.4515743771647043
1.0218965554891275,0.3407269298494076,0.5238222356103995,0.4576891531039494,0.4223512453449985
0.0281299436891764,0.4692482073552098,0.4398568121394072,0.2582350919541824,0.5514219850706881
2.440552204771232,0.0277176775038198,0.5648446106726519,0.3038048202980046,0.3865785112289402
2.4786901247120725,0.6784149795139419,0.6385239677503277,0.1913956251113041,0.6265680894292617
1.4548660553850856,0.389407462199887,0.8574146203649288,0.3231038816535678,0.4784716965947176
1.3907964528066268,0.3676680990507937,0.5406001442842691,0.4194068129903879,0.4035073604662034
4.2734448348968375,0.0325760906530565,0.2212334301829004,0.090993090447527,0.3307888961127299
1.5048822190223643,0.0589506111972153,0.4286944390829986,0.1712309814074414,0.2660594733683104
1.7667769323578606,0.5399947312226491,0.6531298350109322,0.2918971748088638,0.4933457598332961
0.0013282241163097,1.2360659303032775,0.1230647600371469,0.3387600631769024,0.4361852293253606
0.8442145159957741,0.2183582432191872,0.5723619595497335,0.2713588682666503,0.387247347967861
0.5125871639405685,0.3901145925369799,0.6971649148273005,0.2457857876508042,0.4410167647016382
1.3050642998112294,0.7250014705528797,0.597534502480407,0.0996841019878597,0.3516234444154978
1.5669204430816102,0.4895565701175504,0.9174762746147912,0.3548542007626448,0.5195355298704372
3.9906229602458256,0.4366344677590432,0.6481683962996438,0.503552694804075,0.5385446070686388
2.999569542700838,1.1821018161677974,0.5079375806472699,0.3959997827535537,0.2722133389422788
0.7178366154270258,0.4907161494794302,0.684447401269035,0.3556367803563009,0.3669969358027915
4.167699033417205,1.0093232386483393,0.4453709323041276,0.4404616203368585,0.405365718043534
1.8390989956359056,0.7596284984049991,0.8026203292151444,0.3692053735079119,0.3998323529625508
1.483788071427618,0.6721620502808126,0.5471349005007241,0.2348278411312258,0.7026570143371692
1.216833657669479,1.088602150516227,0.2373529666210445,0.2431277940053268,0.4009477103838196
3.9538055569973887,0.3856597643317465,0.6944972657190366,0.2623736336647421,0.4080395031589145
2.1020205147404427,1.2448636298037368,0.5988889449304079,0.3867967108504168,0.4942694809337333
0.7133763558076616,1.1665626564241136,0.6572323295487391,0.3298299548340105,0.5318186381519227
1.030831552354597,0.7636025288145663,0.8071559469085512,0.406937359881347,0.4960766985518284
1.2767935378161797,0.2781890598863356,0.6812778685048155,0.098912581646662,0.5699662112460355
3.191270801253322,0.0936346521874339,0.629464321483789,0.3383042008140562,0.7436906548149784
2.584150755216813,1.0303773458109144,0.6084593043943731,0.3145990166809046,0.5281265188198597
4.228678192069871,0.5035264952352531,0.5169261412428605,0.5596195577290647,0.616785865977707
1.2747049608366072,1.162103774281723,0.692853420966549,0.5234334843990576,0.5377484730265667
2.489733933070827,0.3159392351347826,0.7855327025986183,0.0293154861581896,0.4282313345973277
1.808384803973726,0.2353837694470608,0.6079575838355059,0.3704291867154786,0.3301498315049227
3.529245807110276,0.8372502442658939,0.7365267969822862,0.2787374294786417,0.5964750640215715
3.852100698365295,0.3496052525286117,0.4840961877557097,0.2559625046758704,0.341798719259119
2.332349067923368,0.5616118309184958,0.5621267784179564,0.3702506836294922,0.6821907381572813
1.7097844966028546,1.0627562991647297,0.575980010078724,0.1058433831187135,0.5553482128861632
2.4099121646257524,0.3682886130701525,0.4433607918792136,0.3840839168445603,0.3525793522062928
0.5395351627196842,0.3558044112495229,0.5106965741205061,0.2427725125548377,0.7160086711357669
2.384924385862345,0.7645425911104083,0.7341524625586439,0.3159321385640762,0.4932417796360689
3.59408040911681,0.4610402063308469,0.9400295140353818,0.1988942139132824,0.4740216601922406
2.6433973133350537,0.8735918971065764,0.2232489469784883,0.4303435844929559,0.4592174067198812
1.0120945205556022,0.4972090910675433,0.4416943415320032,0.1928046442309675,0.6049339991265709
1.275556785833567,1.0271929020239416,0.5942913243991822,0.6012869704147421,0.4113101524509958
3.2653288540829557,0.9763636053746492,0.244821678516989,0.5391472820026805,0.4549422014667206
1.4502825637723338,1.022397836781634,0.4605475658995446,0.2712031172355895,0.5096324322342519
3.167318892094677,0.3350778339947575,0.4514760572927827,0.3866462119680114,0.6085459128091885
3.2992601469225047,0.7646281503995519,0.259296480167286,0.3805026648814119,0.6361343882035629
0.5584260173945556,0.5031235481517564,0.3611994295141701,0.3793890228772686,0.5473869850882744
0.569472647738798,0.6367829810812936,0.7314557691283537,0.4007392395253493,0.390688139765067
3.75103063175126,0.7452661298602411,0.448638983656014,0.2440945350489765,0.3898095592500337
0.3269589282260045,0.4697873751330517,0.2537705149194383,0.4890407964548188,0.3796229675685817
1.5699244600842557,0.3380563401796434,0.7276533412611975,0.1291991276505071,0.3504536765737804
1.251690512484555,0.0825595653527789,0.5637330856092622,0.2842866401593341,0.4586335921181515
0.150674488923677,1.0019573646166977,0.3507885468841413,0.3904756441755993,0.5928957600945465
3.786523772137842,0.2078140291319761,0.7091726780514933,0.215624163886618,0.587252503363662
3.420742182288507,0.0612362405632368,0.1631245860737561,0.4897199232546006,0.3657783304995389
0.2930252411001435,0.8279813919803867,0.5884795941367166,0.1397181477184295,0.4582617581037305
3.829502754404024,0.816521063942964,0.4929598558865081,0.2168672681251005,0.4326172051856422
3.056842924062078,0.5500887605838792,0.468646005914949,0.2780034587612871,0.7157607949497078
3.2026526610897466,0.8452182090632909,0.4699267583405058,0.2723992888223401,0.3568311467288784
0.7814377346914946,0.2962601389380762,0.5846077555790425,0.3940681729357299,0.53065037736848
0.9353459436769032,0.4022936959788569,0.4785926215761153,0.3292920675342938,0.5244667747236179
1.8338183449412255,0.5041254307113308,0.523306398213569,0.0918587446549497,0.5083639022945715
4.595846550691688,1.3192845111190337,0.512554801865722,0.3196844315915057,0.4280736819387961
2.1570483900327755,0.4736503776118292,0.7380038719163322,0.3448465826652138,0.6120735587602398
2.2223864536337,0.9162741091283734,0.5849304823089508,0.1849463518163805,0.6072375879914242
1.621913809788864,0.5700132194940483,0.7715386664491488,0.2961920617745311,0.6225532999412284
2.2035872580389646,1.268743254724372,0.3005126216660221,0.2274571835077346,0.3898817973151106
2.6000315042626623,0.7500253470556755,0.1570098625263174,0.4038854581439939,0.4513747819160615
0.1321285531329742,0.6302551257796416,0.8986466769367207,0.6453384520932542,0.1879720402717098
1.7483681626603749,1.3886843715918131,0.5507580091482468,0.175324206126882,0.6287777960007747
0.0029524922124065,0.4719300553651154,0.5543422031225445,0.4320194350652473,0.385645263211875
1.8919100060163176,0.573273219998628,0.4060963437352664,0.2299873926217884,0.5829091789068258
3.5401847195831246,0.3880154779855915,0.4274948381581137,0.4891743749948429,0.1594867938736559
3.75536536460256,0.0945492945662966,0.3679423764309132,0.4385259010550827,0.5063010172727982
0.0085828216295999,0.2093033516904216,0.4045295193110629,0.4437717839230468,0.4666510796519064
1.219496301887957,0.5301227708035007,0.4794551903335392,0.2944745652601291,0.7941364732831022
0.0245873998217394,0.8671899734546067,0.4011931022720296,0.4107159911569466,0.3915393669835725
2.3579684347652985,0.7943286221701749,0.1631730438677923,0.2636046258321783,0.2114311017422055
1.0843002741441805,0.7286970297904676,0.723254951537583,0.2582365669924287,0.4154265960089698
4.29835652898968,0.9726696081255516,0.4826410647207255,0.5672547917854025,0.4308088680716197
1.2526985982514762,1.1074046520722625,0.5459871506069011,0.1513069807519057,0.5816899558452514
2.744792006818631,0.5390070845576703,0.3253365251002328,0.4699507384423635,0.2804319793088553
3.7191416862636513,0.3314206362204024,0.8879076558937924,0.522032900622262,0.4217278103663889
0.0002915119263207,0.4507482607466375,0.4702908696724428,0.2825316461070609,0.6532363065629022
2.066067300588492,0.8833601808548764,0.6051897067667088,0.327577127214465,0.4808396947960076
3.3729486712745103,0.1194769768957988,0.5199737582911017,0.0683641029564822,0.1716197755687957
0.705909681578397,0.0607461088268182,0.3836764297172915,0.1686429276064257,0.2818364537377649
3.5723700330558854,0.5337070451672001,0.2791803630914868,0.3254138808681872,0.237717377467502
4.159139732148746,0.2850837473894635,0.5074207582887976,0.3318482347584534,0.4400482167067278
1.0760851548489103,0.0991547333398802,0.6207925285834828,0.2110420319314114,0.2476066966593926
1.3607538313159049,0.0063858211393375,0.2268586681496038,0.4942011849527375,0.3278391188660753
1.4505057847170293,0.7382243397899461,0.3010012898886808,0.1041400653050317,0.3381391231286602
3.894605802888268,0.1518307036090784,0.4662268542349562,0.3018500274776854,0.4900663143772256
3.4092005577704496,0.4804373876367293,0.691162901749891,0.3887462010091681,0.3455989969629324
1.018607594828541,0.8796419360138726,0.2935111276367812,0.4573089675315998,0.3573433206622545
0.6503812463998773,0.3138057827624442,0.5277283632518317,0.4202712165006496,0.603669626839523
2.147752994700519,0.3199005431405212,0.4805596984763161,0.3431863901153448,0.5600118161844957
3.784072329251872,0.1742998983831272,0.767258071725514,0.1970050271335639,0.6119170228264966
2.6547381239389374,0.3105127822640832,0.6242553129879985,0.3710805831328932,0.6469144697617207
0.4972032354842386,0.1124291397729388,0.7603734517413446,0.1993195778481813,0.6389457746661484
1.4470569583480628,0.1191649659424125,0.4680653576728268,0.3457327437083555,0.5402396639747649
4.053566772019843,0.5508997048272122,0.1488091389779369,0.0300691030869932,0.6106472944546764
2.9030586941613983,0.8474231149771284,0.8912849735334055,0.3747498920296612,0.5591864901010771
0.6129258928417203,0.7721026597542301,0.519439244503859,0.4687210130071473,0.4136796464039544
2.214855039515327,0.6075508961483693,0.4031375443962282,0.1187308300502546,0.5263548095637025
0.8636818527283219,0.0068467580905455,0.5751353478939375,0.3427358822958122,0.5407735214628159
3.94265874685563,1.2067137719512038,0.5285669393352269,0.3863878897454705,0.3486162406940651
3.297567998822068,0.663833042633436,0.6093883411198153,0.2258403649689917,0.3901799752447418
0.0233566083736269,0.3496649813539718,0.7288262704505,0.1776985965849888,0.359848512226864
0.374627842427705,0.3717761944819908,0.3722751003913803,0.1927001895016385,0.5766433765259427
1.237052075013357,0.0329937751238188,0.7267370053496216,0.4666702648287245,0.4261081687035662
4.110219897466139,0.7876393157305253,0.30438101463287,0.2244719064234887,0.5744615400199801
3.4123920368322933,0.9824520765050228,0.195689569950495,0.3277045869647619,0.5249950763425932
1.043557877342368,0.5941001143274987,0.466891424634321,0.546677141558176,0.653496269246032
4.063771688308843,0.215070769146255,0.7114772942919222,0.340878872499511,0.307846539560213
2.870109158026794,0.9561411621945552,0.4384004039807052,0.4787333136432524,0.4008938378999589
1.1889813966093432,0.2970117149659513,0.4091393254717723,0.4046290126588521,0.624856101069665
1.712103884004958,1.0708052729087156,0.7888510908039446,0.2382128962281248,0.5083836581034797
1.042615061255911,0.9519565627996384,0.9024916191537866,0.2351716800354985,0.5546307407385959
2.4763420529661446,0.6243470487025703,0.6476521845787938,0.2134919465066744,0.4260392292896629
2.8885287835605213,1.2479264725628882,0.6863697337864295,0.2191169338654154,0.2573966169805562
2.162734784180236,0.5548812897196902,0.4848361647046441,0.2511446247422309,0.4894081696064161
2.86933033560821,0.5127557368696924,0.8186192036890234,0.4058963186685903,0.6505034698429897
0.2040037683786189,0.0504256008764857,0.5299720045184897,0.1791308026413571,0.5416239863673935
3.70965603497532,0.7357535421310923,0.7249512438343515,0.1952820729593875,0.5236287074822485
2.5529888095581867,0.7718052176453295,0.3066697854272381,0.2017692747505451,0.3581244115873542
2.168687762376171,1.3620525626603728,0.4429433932422978,0.5171368665553423,0.5867590991778356
3.801623563868503,0.5404721042106155,0.3382069376893153,0.2025171615102349,0.6605912826695869
3.995181118933131,1.0541466328841207,0.2640187425184958,0.3543255535050594,0.659434581881262
0.5214322520086916,0.070837088031617,0.6585995237958983,0.2927989266235362,0.6106805949190864
1.850411988728496,0.7220097118996023,0.3207350088182136,0.3171277869943261,0.3784174550065844
1.729438088024028,0.3829030032000587,0.4145399398029536,0.2753276044136827,0.3721811556436019
0.0154225439061285,0.4143304926119891,0.4283720223085915,0.3444716780600503,0.5622593048987317
3.6465645264498536,0.2906181106795293,0.4723023948373282,0.2435662756530418,0.3946004941589414
2.527277552296228,0.3552284454297759,0.4291431765062042,0.3266453875086566,0.3408350130656438
3.4310794322989038,0.545439118536524,0.3831835802324301,0.1347362982296844,0.5641940657859728
1.7005534408964336,0.6373697753234955,0.586045743517974,0.1786866879497458,0.7279920725405687
2.283769073309207,0.5960384484951493,0.7299239723717467,0.311501008046036,0.6726132659698415
0.522725980417873,1.1239515492162748,0.4457019741701454,0.2257551990330425,0.7585556007703745
3.8533386246437313,0.4861208746147796,0.5736931246496543,0.1716517307638957,0.5799984620420205
1.7378581581568888,0.6153089865766646,0.6181756829807478,0.4887841747906366,0.5754078220477528
3.233668352734417,0.7632657587474502,0.6761021751845393,0.2398353816329928,0.3601762811707737
0.5752913493411153,0.6108652099900941,0.3465762508065107,0.2830259128536977,0.5016028096821875
2.8657446390554315,0.5408800966034817,0.6053846851959537,0.0496828109724934,0.5149025709132448
4.0525006632145,0.6630744909828633,0.6597005873792944,0.4885715506812575,0.5151617967122049
3.079398754952404,0.5635098002053025,0.6272872667440815,0.408491522178224,0.3261451353981978
1.698233222176353,0.7321697140349057,0.752998472064115,0.2816388355269098,0.4496061950158868
2.8287712956782443,0.6655999512220739,0.6951800175185527,0.0871589565408941,0.5306292996358873
3.689813485212858,1.0848387538774995,0.843715584111663,0.3475278845110643,0.4708444020938886
2.363529704095201,0.6799479364986452,0.512460495279196,0.5807876934077134,0.6587487983206965
1.3072606786059404,0.2259108568078764,0.6166272336151479,0.4154119272029282,0.5198475074721572
1.364902538407457,0.1352604330774812,0.3604784304839122,0.6772233396980578,0.4027512720050288
0.0473908655145625,0.750292113889211,0.3666336714346568,0.2209576034266766,0.4174865436715114
3.994959745242397,0.3088227623923505,0.4965857969250032,0.4329991715702819,0.4858002778829344
2.4563311606338134,0.5207230826360872,0.5669370978193323,0.3103171096885424,0.4009637359287167
0.0095331200072427,0.6916194929920705,0.3122906670450828,0.4614590418689548,0.5414896636818514
0.0043874969616453,0.2696775443667389,0.6627236775013154,0.3537634437290359,0.5652255351849866
3.3209959048125763,1.4008523941803233,0.8118732011865719,0.5865075281642993,0.707847524899002
1.7414511360883342,0.771884600811987,0.7338642967846912,0.3128472380739125,0.5261135822838494
2.6465620098271305,0.6674127017614278,0.421884504937907,0.2479692088500981,0.6470084969334003
0.2035628983932662,0.1947193601645213,0.7024651341971538,0.4782305940676206,0.4258107763395212
0.6888054653422324,0.0386787072166494,0.562632952262048,0.2547299575934201,0.7650552024800051
4.348010368722592,0.1808716910878459,0.6280153104278119,0.522284808439676,0.7939676383683991
3.978025377891383,0.7800200766364076,0.5847228551503018,0.1312321093361095,0.4005306473074734
3.618946496820021,0.2707755813162492,0.4334687396358185,0.3212882476271774,0.4194196904875069
1.0987273590316853,0.0101124444905028,0.2184193437244614,0.319210562956859,0.4890111948005845
1.6797133476235993,0.1696061539013064,0.6366474362232254,0.50474094171573,0.6986873160361694
4.088145463374313,0.2512685572676941,0.4371876495608611,0.1864529746414446,0.60387431539197
3.33808909921466,0.7976784041173474,0.4328277420871983,0.3564040890192089,0.4899458314707571
1.7696905830119982,0.7561534173288261,0.0369611771802407,0.1841289379685526,0.4258281422780705
0.1558479049322339,1.4136964767477815,0.3676100148444734,0.4229608742012354,0.3331275566462988
0.3559253075185973,0.0994859927872616,0.8857427220228575,0.4822285768604665,0.5071104799256159
0.2291173534094081,0.9358770344818406,0.5989897131679253,0.4577468492490925,0.3244292821926818
3.6052569214939503,0.3048843339603146,0.661222211806817,0.140764417005008,0.5009778156620441
2.105620421007382,0.7615245723020575,0.7545844285831979,0.2972182349446067,0.50038144924197
2.944618056603963e-06,1.337741671469588,0.6086401361561565,0.3633925090650876,0.1919242655393586
2.483775497822498,0.6994755478825562,0.4189679519693968,0.3196657433261186,0.3856989779426685
3.769132158588214,0.4216679921194585,0.8119628617766603,0.5917301963794852,0.6125456404138678
0.5078507482113443,0.774868560908731,0.6523179540050793,0.5444440305486236,0.7058460912547478
3.0605559881574385,0.2070463439599003,0.6167549885860437,0.2759468680246455,0.3836425952210688
3.5377417747199664,0.3920423665210315,0.6387200792404152,0.2687821651230631,0.346916604899225
3.3107501133050032,0.404174560677135,0.3826102210714106,0.4609613683495177,0.6078564420241647
2.1805744297688965,1.0903329631494387,0.5066597488577733,0.4601822631798555,0.3606701820077309
1.6589630136626243,0.0523214592540668,0.4584813438904426,0.2106916230881602,0.4918971391518565
4.451399965828209,0.0484248497196532,0.6137312551492443,0.2161660853063682,0.5238062387803923
4.0550922696608405,0.6758395921949832,0.5741026517809338,0.1786043377075153,0.5468311824974176
0.2818961315868697,0.5588770298572756,0.323482437694591,0.3067336910142244,0.5690415285038275
1.6191026457488318,0.7233963562679845,0.7743949459965087,0.3106477306496026,0.5707363116528653
0.2133910041305716,0.0616150801221969,0.7553619030628151,0.1114852167236971,0.2291383532748728
2.6047142186950234,0.3501108575736387,0.7423759251457402,0.2059492077581699,0.3486070222854294
4.103022123378261,0.780246325653302,0.6913843337939145,0.315271178644769,0.4968186859520673
2.269698768467753,0.4043440377794841,0.2692798515193618,0.2373938386120958,0.3950340096621988
1.1882958409171962,0.2525216306429065,0.608425928659507,0.2362794939543017,0.2941151333121766
0.108653490998889,0.1013950611480106,0.6589810474081527,0.227868103495646,0.6302173450249583
1.3902733303485737,0.4578901265160275,0.3517939985719572,0.1866924043831335,0.4893177948128639
0.8958788054222823,1.1959535530535328,0.195750686116348,0.382405638479366,0.2898713206480283
0.3647155435111289,0.71511703055518,0.5132031762638497,0.2136892576584493,0.3532832287463914
3.0807353817972647,0.8720397391307682,0.524288426668251,0.357684256962845,0.2160710517695795
0.1707599188314377,1.2396934012763,0.3649552758072462,0.4441899976187463,0.448086687738562
1.1416132712066107,0.8930089000269791,0.7414859696260115,0.3220412100103109,0.4937054783806694
1.45339103876206,0.6311494606690305,0.4755140545641186,0.4094949302361662,0.5551541844902174
1.9651323130613356,0.8361156546226055,0.7030123872131278,0.1564001910526317,0.1904173841457413
1.0105104811276044,0.3884517537751955,0.5525941177339634,0.1124996545991412,0.4053940166911706
3.5510555814225144,0.4405065621656191,0.8485797107324877,0.4515934205054591,0.2914737449701539
3.959665547502625,0.5859708054018125,0.5966365594897562,0.604287724141923,0.6409805039386165
3.8370661344284738,1.401997113373907,0.5923239859662258,0.0695608157206991,0.4067863594002868
4.162432786595384,1.010279611469828,0.6405166253179079,0.1868632244653862,0.3056537966953124
4.475717359691688,0.396845579198499,0.808006365105433,0.4544903216351116,0.2930715937028563
4.376014457444778,1.218445182595829,0.7999156900207178,0.4768500779957308,0.3109776469311018
0.4872292069117406,0.7533212818103011,0.7476290903155692,0.2545750906387249,0.2524012297558565
1.3352536580037384,0.794188571156111,0.2917123122334805,0.2379444178640657,0.2908874239692256
0.1447755746427189,0.149021682626424,0.8584424810469297,0.3022014636163597,0.4966832395982983
3.1654727575064228,0.2016174589048563,0.220674494565865,0.2015298423138515,0.6660622973954201
4.167265925730178,0.1321377090572146,0.6173268687297991,0.1417171183309879,0.2950320145790538
0.3191674256043156,0.867444670804012,0.3350947425653101,0.3602619170866604,0.4633620041194489
3.22261625676718,0.8916456511223254,0.6374124323597087,0.2910310165196367,0.4080785091688543
3.818488158816487,0.1697870679884683,0.7410858203358798,0.1876549057050012,0.5500893647328924
2.1979152076811763,0.2567871617224596,0.5197964280797424,0.4462349139131683,0.440519457405451
3.617815026993533,0.1606123966933852,0.4902032102265345,0.2649226777248895,0.369405598548814
0.7108975373512544,0.0361764085369255,0.1333414728736268,0.7039621158645766,0.5396948208941995
0.1537187032239198,0.5940250588718466,0.6020863479935377,0.3886685839392203,0.6443624511614537
3.432226963338474,0.9899670118595728,0.6121089098059632,0.2137574787372415,0.4213715504009774
1.4792991170501,0.2031417971235108,0.7608191005567929,0.2488603637722814,0.6071459071395894
3.7605987196462896,0.4358045414327521,0.3426818081616881,0.4836425151275061,0.1146646260195644
3.64485673259569,0.5335561212309795,0.4508363799846186,0.3654463960520557,0.4887611167642925
1.6079039886274074,0.4282188363484601,0.5559368049937833,0.1097086480755807,0.6512486142354996
2.7495087865799306,0.7013297637545546,0.8072590980897983,0.4498991628680953,0.5189401531170506
1.85575979374899,0.5596855916297945,0.4023570873913838,0.2700543013953172,0.3514046243793158
1.8315179387376328,0.4983331832824297,0.4012025991009138,0.3990143740524917,0.5612547927065881
0.5904940707246995,0.4811114726268488,0.373843066956291,0.3803305381329038,0.0052053824758496
2.3106830640462244,0.3830573705130235,0.517291577843442,0.4098247381036486,0.5128092164653428
3.365136979112356,0.1060425205340359,0.6487309512517291,0.2000582028070147,0.5304388189300906
3.829111532091026,0.7505770558144788,0.3249125532885816,0.5027014384528896,0.5994543313263241
4.215811712778363,0.5057526996476347,0.3675205871073123,0.2629155389747795,0.6313533269782833
0.5806175253090273,0.1942732433171081,0.4680057821251165,0.1642763773244742,0.3797386131706476
0.8127224292015728,0.4689957156063263,0.5822894250700738,0.321415407143456,0.5920762351402156
1.2970397744479891,0.2136707979869053,0.8695712177843998,0.1894623299002776,0.4052923035998994
0.0588469668599218,0.507452162522611,0.6389476144072036,0.2392146261679847,0.6759279702150757
2.919138430949428,0.0546593362004585,0.6629269382943601,0.3512665010763957,0.5816658804549827
2.273274614907548,0.3634333731024719,0.5522578047013241,0.3418674179054091,0.3364333096763662
3.775963037286029,0.5548976045868249,0.4403932886816394,0.3078315540256191,0.6696275928984299
2.8805196261959023,0.861380771919817,0.4087820237329442,0.6180289138108335,0.6115983652973148
2.164435396152985,0.1602102405143466,0.6230271344484405,0.569057158423331,0.6190434407887685
0.5016904371839079,0.205285781938651,0.6109488205033133,0.177482475754452,0.1485825368110743
2.101732959419699,0.3144513957954742,0.16337432867388,0.3335195773920413,0.7017369119210292
0.7370606384303262,0.4504771014461384,0.7586190668176692,0.2642643763028365,0.4351385132665834
0.0976455650717007,0.0088713273943936,0.4422474876730855,0.3243586252917236,0.6698254585359004
3.873517389307207,0.0191144294214136,0.4430209776019412,0.3366196991713699,0.2000683206596357
4.128632309556139,0.3293279621893513,0.4522552798213492,0.3138345379689091,0.7222222042581747
1.4255114207107749,0.0764192301093119,0.5251058406348428,0.2598674373106736,0.2193616527702213
1.3932393773430378,0.614937460640984,0.6367992221192617,0.2781125582977631,0.604766171092207
1.357256036201015,0.1023764440906585,0.7241172888099828,0.3367354319845544,0.5047752367532798
1.2327051792603791,1.1499080278642932,0.4592342873816609,0.2564200959689732,0.3246038895487519
4.433030662843521,0.2042602690647859,0.4939268787951277,0.3751387949485814,0.5454082291270941
3.9121627096242046,0.6593255676879778,0.7099473237594908,0.5454806119876678,0.4176195101529735
0.0820563099712283,1.3040259272486905,0.5107046304394653,0.3684815101181274,0.5277140173510176
1.2263256680010854,0.7343789013792974,0.4689005403870936,0.1143339525799763,0.5930393698257768
3.781509098118892,0.7637180844580377,0.5034567503517102,0.1262565794750959,0.4365825516631457
0.1324005709358009,0.8629822967917534,0.6039386639985627,0.4235488785618895,0.7038047383372747
0.1873986898764209,0.4972358252154569,0.8819205180912383,0.4836783619106822,0.6664758989052801
2.111883685091305,0.2267328935923432,0.4138979505657221,0.3313207921115537,0.2142231673285463
0.7244957681497473,0.7979644476246662,0.5850257383130198,0.3259932694763426,0.5054726750523361
1.8323866650129192,0.6900758575592629,0.711212013113382,0.3102987080039032,0.7636271473594654
3.042190310483341,0.092779485212577,0.861960780805416,0.1717363888748374,0.4854331812356142
1.982444328654464,0.6652813404068871,0.6667626871370007,0.3528308691705734,0.3829121058486688
4.02151950624382,0.8238127456584697,0.286189321507497,0.2881627434223355,0.5439751361596598
2.8813297346404485,0.2432980031771385,0.4887207686534041,0.5001901696813799,0.6240496636647577
3.789053509104854,0.8384901541876264,0.3707560270255237,0.3623222266415988,0.4955053326544467
4.237696599149226,0.2581742158669818,0.5713415842674617,0.3432221296065639,0.4484537804703156
0.8055685353977283,0.1688057426693346,0.6880488223957418,0.2310660774598515,0.4525001095829054
2.6696350058986056,0.4288731442126832,0.2860214542956505,0.2572524880123649,0.5081303606651909
0.4817441214535303,0.748137584337582,0.3876518425019547,0.229206280236838,0.4643840283824748
0.9302933621382092,0.8114160980123591,0.4047885858076325,0.3745516377604293,0.439719940686148
2.5383490809204945,0.7018093218422344,0.5299584845589067,0.5772022502019483,0.611636560116456
2.328267251176478,0.5304213155251186,0.7057095366035551,0.3240845930911898,0.4825176421222019
3.75799757645588,1.103362771294056,0.4930718085359271,0.3548404490259907,0.6286736700885942
3.6065069335228936,0.373029629365081,0.686460913894747,0.2207033850268668,0.510547909722638
2.9201492323071183,0.5495691440697533,0.8076314086021104,0.2959102114925717,0.4196917455337569
3.5335345293344216,0.6565418535345207,0.4368783827790809,0.4909839815911192,0.6875187111782429
1.3135263065151408,0.7562558979734569,0.81848549275162,0.4591087943458992,0.4084250206540602
2.028873867477453,0.4416723442237573,0.3473086045562522,0.3621268136614956,0.4827476513507197
0.1963997380934856,0.1361988534189145,0.2923502753044013,0.4191565321111835,0.4473920651756441
2.1573805104836574,0.6615252841301159,0.8111084540378776,0.3486255646893779,0.4320313562741402
2.2427217418691363,0.4361336319605544,0.80934244405483,0.3111832626999415,0.2187179876425355
3.2424046953401,0.6388809597359258,0.617383506006598,0.412971174909446,0.6128185332847023
1.8274313744551065,0.5687231024540371,0.3887801395709088,0.0786106097287047,0.372901426583447
0.2285844757140424,0.8488372778748274,0.4178287237499185,0.369079247297473,0.3282702229258411
3.425270900335043e-05,1.186835033696105,0.6422391412391337,0.3433372310823483,0.4630441183444348
1.0330675071861215,0.2764042411187364,0.6947865395587794,0.3419008842401396,0.3200194682392258
0.2831183159244936,0.8458231026431584,0.5991327173097005,0.4849749727151784,0.3490673875113512
1.2098522456474392,0.2061538967357554,0.4238555095996951,0.3970392887951263,0.6352206863076816
0.3401507877838252,0.9052121631802456,0.2734731274469729,0.1832306170556002,0.5492338413579951
0.7737678997645938,0.0908818652754767,0.5713348289251393,0.2840607992814711,0.3714482641279003
2.8537087446182428,0.9163644208936484,0.7580488063268545,0.4517908664384781,0.5057107817637576
4.330003691619181,0.1293263753340753,0.581535946908258,0.3945287287017524,0.6251780168627569
2.1241701934292934,0.3508822366042529,0.1619982704532494,0.1928307870135918,0.6547646559258254
0.7312483186182881,0.3861963812015713,0.8930508717469534,0.4297864239850374,0.5086085727398983
1.900601483370932,0.6158582982875467,0.6555469982977403,0.0578837016603242,0.3027218735920317
2.7108038070574505,0.6845182678072667,0.6676742803510917,0.0971718361360906,0.4055124990767466
3.2825996905893606,0.6521648897999892,0.7191160967261575,0.6501642679173361,0.6043958239310128
0.4880542000161926,0.8065331690245169,0.76172838792022,0.2589688352681561,0.4995509670203624
0.3576109517871322,0.3057828468058673,0.3260537265013429,0.3680006727329891,0.5773957573409971
1.0378398415304155,0.4280270995067567,0.8486745950631718,0.3144921646789928,0.4531124740438234
3.3946342978698105,0.5196430041490626,0.1815969829420108,0.424804584177243,0.5686493060972653
0.514070032007129,0.5211810736725759,0.4744899736061824,0.303018178142491,0.605383736578765
4.384965195131409,0.3061666245919252,0.6928215147713681,0.1986849317787489,0.5211888546940839
0.5683557543322889,0.2578539030116457,0.6461992285561909,0.4357931801417126,0.7184605267098075
2.3952289043751884,0.2869469443337692,0.2354050319756772,0.254722283725825,0.4138955929927102
1.0703943770715667,0.4649129509086426,0.2644035120686023,0.2050044157841464,0.4691489110845848
2.834342269295885,0.9875310959980388,0.7157285760527928,0.4280965151850101,0.4237883396317398
1.7413652390340362,0.7963214669298786,0.4768247536333334,0.4897780049262352,0.6376073915465424
3.373629522547381,0.8047922681897165,0.0787618079598841,0.3285125999886114,0.573559395867513
2.817098684762545,0.5144576511837968,0.7883267902738018,0.3087465626245905,0.3570571186818558
2.6591499400491183,0.2043353162699615,0.4505093099614253,0.3844027390189195,0.3034901560105825
0.0615842349733229,0.0611642330605251,0.455765359741117,0.3491081918347175,0.5772392153493827
1.966705857955833,0.4598236926337792,0.4476976081520863,0.2851704091701988,0.3028048698193314
2.418859561579429,0.1265510132436527,0.4941617630572368,0.3878961369539613,0.5614240895486788
2.1754570845581824,0.6706350218945197,0.4996259691260694,0.1474535187527405,0.4294271181352918
2.804161135909587,0.9285077488258972,0.6918280769134199,0.1519984289691365,0.4548410505212408
0.2152530178229764,0.7922828768148469,0.3826306725948633,0.2881737878771716,0.373486241180915
4.64864236301323,0.6378509854075167,0.1693377358651281,0.3083237600284776,0.6147050520278393
3.486011477914843,0.6835232117454876,0.7689002357163024,0.4150258824539637,0.4299610284045631
3.173287646429125,0.8599565710072533,0.7190448682952376,0.4585611248115558,0.6453756184152509
0.9238751949932836,1.436269362342249,0.7373824927572454,0.445516312034685,0.6750149078904513
3.72894381097198,0.7163259517573233,0.7692959743531673,0.1221614837469235,0.1481984772589965
1.529585711550628,0.4138910940736717,0.5666134505579642,0.2140735843436123,0.3432384492276417
3.517476849142867,0.3036578490790255,0.63617160285228,0.3823073273258198,0.7128215161064078
1.107007293771204,0.1602977806105173,0.2404126458745835,0.316831354384539,0.2218372534098319
0.0003461671835167,0.2831684393534552,0.707515847547366,0.3995435698937322,0.3399388184644007
3.83993199507253,0.7187142887569431,0.468070066477663,0.2218718093092511,0.6515553401525003
3.862154649830412,0.0599130643301302,0.7613964125309983,0.5764519346597953,0.4737907245487207
1.3037952486092137,0.7760366252429786,0.5490433638890525,0.2517115034109859,0.5314581225481733
0.6706489002233035,0.3160943080786348,0.5734970357917025,0.3165831945305051,0.3922609137375258
1.7064490996269714,0.1414708935595169,0.6766141073522512,0.2018138735484689,0.4850831547249343
1.948400092859959,0.126060580949181,0.5695417692740411,0.3374607299718488,0.1921892842909668
3.4653444930210355,0.7815775948970307,0.414410115627886,0.515500382280463,0.5469538974281838
2.3237952289116595,0.1861582847974834,0.433533073828927,0.4080611828991079,0.4995593492479417
2.940177676190182,0.4948654810373666,0.8163722058124131,0.3918674997251169,0.5502499195965836
1.2950933588256195,0.6185220939891557,0.5637302579669861,0.2217350374420269,0.6867023398454519
4.344320197090073,0.3174628075980573,0.6189047842412584,0.5003952383564478,0.4521263895967523
2.5588879215926417,0.2773327570562364,0.7853376119740376,0.1826511719822224,0.4888561338299246
1.1404842585747816,0.4872713598772643,0.3475645369173049,0.2682651107072128,0.4966675180550707
1.7531160561027748,0.4727522445225938,0.7345897382330757,0.2896333606764286,0.4577271642032086
2.5219454967855404,0.9073438302273986,0.082282679954324,0.320056277756953,0.005323550976988
4.096920070760488,0.1046495528168861,0.9405424113376908,0.4320548540772663,0.5127430609878832
0.5723021133303351,0.9796208387930464,0.6464080243961776,0.4096636572060076,0.6317848636826217
0.6911036249978078,0.7519236053620932,0.3528274633503526,0.3694035249677173,0.7458959617868072
2.207609787268864,0.2818908086852924,0.2718917807094315,0.372472736181544,0.3837578530404806
2.6891997999284496,0.2696762634665803,0.4414787593705078,0.277895416451166,0.6134563979540604
3.9061657874447246,0.2511647158225682,0.876794068892859,0.2165062427484674,0.2789579193145217
0.2126263155391666,1.2209975322516542,0.4089926005710534,0.1515678694685779,0.616767652074892
1.802931535552842,0.3703159834437119,0.8611712165888628,0.127374363047513,0.3568296066479134
3.910653168177967,0.4151055883518668,0.7115741187287503,0.3139177715992071,0.4484242516590827
3.074924040753926,0.2084381975725829,0.603189591541233,0.4933584668462236,0.6163055699097754
4.098844979560663,0.0971202442441507,0.4388660632761225,0.4379739442040893,0.3562551428219327
1.6295189710012508,0.0320071672521266,0.4306053245805815,0.208279398757772,0.4531416829899529
0.9435178761513198,0.4654990439297028,0.7053439216064609,0.3659829442961443,0.3639552104176402
2.963433914481527,0.7299283296850866,0.6741865066655864,0.4742913294072009,0.6157266811104284
3.981858838467781,0.268845690522259,0.6570456173809717,0.2663316051328309,0.5821068472642678
2.923682356986251,0.4339072249509015,0.5785563120605923,0.3922886111002079,0.0817307224591045
2.816881473455253,1.096011233515905,0.3281494622899376,0.466195523207021,0.3387261911772712
2.473715648210124,0.8972442871066206,0.8872561227584146,0.2214930927907796,0.5677538722188396
1.9156683503473688,0.1837316271130959,0.9103346060252184,0.295732998675218,0.2791345165266604
3.83445456764568,0.1269643195128566,0.5582744432434997,0.6517046849425304,0.5234967259580177
2.312915533999093,0.9940482561082736,0.7597300712214095,0.3862997734075813,0.4651022252972239
2.2137784005763232,0.569467137432007,0.6796874169962825,0.4113982178651465,0.3994897288607618
1.3964358671269268,0.6211240584492073,0.6084349489937918,0.4382331871949961,0.5293542448260109
3.3528367707325235,0.8036659959841335,0.3173824098300429,0.2697272805813302,0.318509915409271
4.329570145316059,0.3695740413489469,0.516635507247356,0.3642800093335849,0.6096077094759002
2.475020409981651,0.7259637697358118,0.3771214824031829,0.2013176645731052,0.5711135468643307
0.5189279784819049,0.4882824592663092,0.7003424609293641,0.1117496238880225,0.3444029349075062
2.9904943226639698,0.7073187141966149,0.7060946877413607,0.3368253032568475,0.4606643523891616
2.442101178146578,0.738240637142656,0.7329644968816023,0.3480948311740397,0.1966512531798508
1.210655319629112,0.1262351902581391,0.5400016978623249,0.6134674639611528,0.5976735656708169
0.7660528197774986,0.1719116684671147,0.3450970511665936,0.2660497931615141,0.3234024345698071
0.0442147914861795,0.1847576443933441,0.6156336437350355,0.1982671017225613,0.3857307818718474
0.2689852516523881,0.3956432699298414,0.4331073576571465,0.2937249599764665,0.3663598237082843
2.600953702626102,0.5134831250886613,0.5045572946881621,0.208534230201435,0.550076178463427
3.2215526210994345,0.3807326867914975,0.8039944782483527,0.4782677935380079,0.494224048720651
1.2046588138556502,0.11301760252713,0.4095442142834326,0.4697373965606666,0.170100469995494
0.733333792342369,0.3157705962703162,0.5727492385740562,0.4531488140983683,0.4922511877191552
2.591281111207176,0.2096519912811925,0.6354688452662061,0.3930958125536636,0.584033938955027
2.9129699452747198,0.290849420542346,0.5700022961955137,0.4882690536192792,0.4316480233230059
2.746859220153853,0.3594578087902927,0.3254256250080869,0.1453404640597854,0.5688542023649874
2.50733827269537,0.9908421888253888,0.3488171249647368,0.2744069112705585,0.4461508942842304
3.6115039880070703,0.2133703215795903,0.674693772952754,0.4618574396358614,0.6242687529914658
3.982336832702668,0.2059650417374175,0.7369158811781046,0.5220353766557658,0.3503868708405786
0.2194138127613872,0.4971893153626638,0.5995108214879823,0.2753866836096761,0.5561020652582255
2.448414424943397,1.2823670244627343,0.3831025056661777,0.0122722130012772,0.526451729887108
1.886162193272453,0.6573392704117532,0.0480833199085318,0.219295036601676,0.6494089745374176
1.4787615952793691,0.7525791292948542,0.5691501358724262,0.2437469737376722,0.543587281832454
2.729941808673628,0.8971317171751414,0.2651977727297565,0.169065714878615,0.6392685721424782
1.3657549411578656,0.8045203947595839,0.7232594986410814,0.0772925953131336,0.6955555653171178
2.906464708129508,0.4755843737563744,0.7974050208801893,0.5221025478751743,0.6878237387517039
1.270523067320272,0.7519765199450054,0.3751345859124032,0.2855894025442352,0.3975880623951631
2.1346166559230206,0.8465453565977042,0.6042687477366994,0.2357871625906594,0.5258956680455736
0.6760381276567857,1.0147058192105602,0.8233020677157589,0.1652225465590024,0.3039970067107703
3.8432358224687846,0.2069082679965335,0.5169276129431493,0.1115195498366189,0.5017944557656223
1.7419818341723532,0.0557870541717089,0.5763129469106841,0.5162307927284144,0.4251014458646824
1.0407982046822628,0.6337717270296227,0.7109654729282059,0.3950433844312382,0.500511715771638
3.641247755930866,0.8464035451451815,0.4657562057531774,0.278221500518735,0.3900336167910462
4.24327857155096,0.2496455627115093,0.7471587674895532,0.0592692363031487,0.5674353194041561
0.019319605584872,0.6796012264360233,0.7476337387852667,0.3438227606244812,0.7212608394870668
3.9288713382319806,0.3913550465043987,0.6232433957146679,0.2036295064403445,0.5292779058457522
0.5152811598155113,0.4202017301486284,0.1480248851960886,0.3369575283104725,0.7214181027596448
0.1912065312501811,0.1215078338323516,0.7260479184107741,0.2920758931556611,0.530881867665693
3.4978671343377425,0.849453905310681,0.5381070793899757,0.1893384702809445,0.6551278151432968
1.1370048037561065,0.1285032914927298,0.6798701983954963,0.3876971357828665,0.5571556604955804
3.953415383170257,0.5642462605103422,0.0055310963585137,0.3276895717896922,0.2325025213350937
3.341799909255993,0.7309103713647325,0.5495113411717565,0.2373082197076662,0.6128761592387982
2.3986093028223903,0.4938013138815321,0.5272637432709646,0.0988627874996441,0.6168920222974841
2.418334426236381,0.3163647311522425,0.8224992259257694,0.2208622569328575,0.6208554628553162
2.534662249956096,0.6494020494026407,0.5604439222599705,0.2187129608741617,0.3922815626452252
3.470118411811567,0.820667558268222,0.4521851835157809,0.2113883409023139,0.6670145602417566
0.047806223671165,0.5015099321710698,0.534757541622446,0.3798153817055157,0.4108616634547102
4.393940602856098,0.4462247562099209,0.0053816856466561,0.2927304405211867,0.3763412126062922
1.9780550078313408,0.8699301380479745,0.6555565466747538,0.2841273152818869,0.2093340397890636
1.7808062233968625,0.2364960633176017,0.7626967051475737,0.3308670550946849,0.4944030287828763
2.67550385070406,0.1825093584297196,0.81056412119762,0.3088789367394438,0.4839877266448306
2.511704286618987,0.800029499327947,0.5227457284474178,0.3485327097883866,0.4584150453429716
2.0786683501361622,1.211463158195933,0.5681625343706213,0.6267860967176779,0.6137368053193859
1.331994240041593,0.7673325673344905,0.6386248036681673,0.3157479027720267,0.6604434854706368
1.3456673749606494,0.8943830228765174,0.7925706010893572,0.3694148135686473,0.3358641096968451
0.1585287708615367,0.5929062596019656,0.6391633085343982,0.2568284413693115,0.277613533668536
2.292185591558591,0.3089465933476177,0.2650665662056962,0.5046502354261506,0.4387284555207515
0.0620952240924227,0.4252655775254803,0.5961141993397696,0.5240426810951249,0.4310744843597114
0.5188929386717516,0.7851912515065195,0.7790664745371386,0.2722040218364901,0.4945169092228756
0.6930632123676683,1.6177161401691895,0.4538915203575313,0.4072454550826727,0.3877836723477675
2.982597570222873,0.3597383791939713,0.8036312015494621,0.0997866820061896,0.5922389513744426
2.090892562392472,0.6146681317429932,0.3478331236329863,0.2915202187613543,0.4029460836973445
2.0302869244474566,0.6955324563965157,0.2425989356521697,0.1393595387403879,0.592655475110344
1.6058363884411953,0.3267682221441594,0.8003344447395757,0.2661838115416143,0.689905636689093
3.21426352587284,0.3491953297927312,0.701232337395618,0.4609772493470687,0.3594186017029633
0.0289793280549031,0.1682172511758574,0.4178722688842179,0.3336324063134712,0.2822252589680059
3.906001977260677,0.5090620333452304,0.5496374582571674,0.2734106610147909,0.6025882600112245
3.242742921444386,1.329139954967884,0.4295282526307481,0.2413357674944609,0.503367863835081
0.0477658890179728,0.3626314928547147,0.5493535786963919,0.5521306653353433,0.3928876451276202
0.3346020972073777,0.2242823289807584,0.3928703622314125,0.3889595597399428,0.4207981769581971
2.8054443601097043,0.1381602328163959,0.4354649569569093,0.3936218111772327,0.1452694400635699
2.481360439519773,0.9428176248680216,0.5818937241583831,0.4181830711997359,0.3522606706777405
3.885421889481564,0.4882943955657943,0.5206601433855313,0.1170006873215503,0.5528800487813542
2.9986797671058456,0.4189018890232932,0.5644790931986194,0.3610362616446192,0.6125533973174198
4.356261176659176,0.9890113758641724,0.1377664745994878,0.3680621987616401,0.5468678398658026
2.0465084461237155,0.56943066827407,0.3592049721384703,0.4014246960151123,0.544596338240009
0.2128334971418051,0.8537830716605869,0.3728385853415835,0.4773346084200342,0.380549588428358
3.79362181333409,0.8024834410601017,0.4941211646344761,0.0054843380347819,0.4730850015798398
4.088617488456641,0.6922190744449093,0.597110109420449,0.4332307557996955,0.5960188717308702
4.166562613699623,0.5534366024987789,0.7567889622711825,0.2266159168479172,0.423913784350737
4.772500512052844,0.8724238725913313,0.2697976864490166,0.6116092994996946,0.3833105491205478
2.752014387145224,1.4973472452556476,0.5861400044470855,0.4190727744096891,0.3847723671835135
1.1864859692800256,0.8307526968772534,0.6087941410068743,0.4626903761149017,0.4241416633281675
2.9174653732294296,0.1940288545152226,0.6196296928185526,0.2210096549703015,0.4977261821746268
1.465623874510685,0.1795198138796239,0.1735255581193937,0.2078402211241386,0.5494696787101294
1.852618826725703,0.0709661920865671,0.7644732409849153,0.1090119870809009,0.5781724248041038
0.3654567109290828,0.5796119079043324,0.3719453490936419,0.50806687431489,0.5972090040402565
3.710478336063196,1.0495116311250468,0.7415629568363367,0.2106284710543082,0.2233538938240353
1.3332951036428489,0.2723999866023684,0.1738111545892906,0.1669440544781656,0.3866202156338634
1.8742185780463456,1.437815206144352,0.5810877201597501,0.5136513101035177,0.3699039386103707
3.7766961568137303,0.1657542788622749,0.4503457207929096,0.4206318329919558,0.4304801373239374
3.332937113058392,0.5130052447928504,0.5382993114304634,0.4270379173136019,0.6310120414903329
3.9566463536658887,0.3461234510994043,0.9408665006401424,0.1816545329361267,0.5900742207199386
0.7059791164151631,0.9676726875390091,0.5600097511117265,0.3818222654562601,0.4733448460799142
3.649951104847079,0.2349277482094703,0.8895115683178062,0.2075589588659537,0.3277878825305206
0.6030642000669152,0.8166084647563331,0.6940559070539224,0.3174289355537503,0.6681656940541397
3.9760133068971695,0.4395760979746044,0.8038598102142396,0.2936500735716332,0.6174535202007215
3.933203789012544,0.9566703299807732,0.424467322865276,0.4668690729414325,0.4078406096406213
0.7953692022921203,0.2688263027167948,0.5056479280325554,0.5341059317355938,0.3829243849119414
1.2446399319045591,0.5895416064994728,0.3294582702942604,0.2286557792122514,0.2489598130049029
2.5825918224603064,0.5629058928742557,0.1070387839094202,0.2462342051594349,0.4549115778971195
1.1797694576553155,0.9423742103654316,0.545692010145077,0.4267517357081187,0.554150779543865
0.1189766462523639,0.7654285058404179,0.7763218296795907,0.3823193978816464,0.5707765570467173
4.104538005228973,0.4191383395518126,0.8181230907927166,0.2781708432226152,0.3675389566122224
4.245131618436979,0.9326251298491788,0.5842402159160541,0.1171367267282305,0.5236767850301913
1.3699621434570557,0.5479384929591458,0.3993661495056088,0.5174693319988091,0.5202109935441014
0.2329498132956485,0.135425386448026,0.841588120089515,0.4416431575544357,0.5692656047283307
2.499774367069376,0.7179972575612918,0.4301637695871573,0.3602595125869054,0.474396470927711
2.003648560933667,1.0625688363648926,0.5553213534956983,0.4919393386643551,0.3842280716984427
1.664180469095922,0.7362506490299805,0.6815094220911357,0.3083179325067893,0.4222975083144056
0.1811182870869023,0.320191959770994,0.2065093665288323,0.5023548940494518,0.3602513220287565
1.9647337883152989,1.3088494366493588,0.3149013511911457,0.307427988465089,0.476131595893371
3.805560728735293,0.4120790555524526,0.6128319188738298,0.3121667856038455,0.5475378333770649
0.98346768290363,0.16310677735962,0.4783281067407297,0.1807199827030503,0.4940574821793098
1.3675593379483948,1.2324462013252175,0.5540370669588148,0.0899582128404446,0.5647006232046641
3.617236812561705,0.4195368005893547,0.8086228322693136,0.1645542774077511,0.4324779561513401
0.3659737825869107,0.6696221767056058,0.4727913948993929,0.2891266529210025,0.3815855306092117
1.818561580985544,0.3369984418219056,0.5229871151494587,0.4487070574549129,0.4336375994900636
3.6321939178385696,0.0829222642277276,0.6868215109217647,0.4696245245666558,0.6784985417691339
0.4025792021632299,0.6873794949432801,0.6323712602607071,0.4585826807389154,0.389340338819335
1.6161920953979223,0.6978956973868814,0.5291707260790741,0.2989867186744517,0.4828530885832104
1.060318980453314,0.3939653510589218,0.9638270160238148,0.2042206089419651,0.5933652331866777
0.1242913597187004,0.5860663909190261,0.851159278042214,0.2371053715290632,0.5976534370410391
4.1783556169457405,0.7403061907677079,0.6780254769197622,0.2016945075543743,0.639201871054757
3.979851493529951,1.1019174835126564,0.6679375604199144,0.3531961673629678,0.5234238772798894
0.0012784284077255,0.9663584768757322,0.6586106283046208,0.3678307832895358,0.4862410639987184
2.37303751566712,0.5290617498212723,0.0635372203135898,0.1112925614770069,0.5529529454210989
1.1444255367593985,0.69075913833791,0.3339943861225967,0.3558708656476549,0.6174585599807627
0.483652935013682,1.3223943870213777,0.8272396094894797,0.2074110017539243,0.6543300945451643
2.4099162200823687,1.359048972366868,0.3238715619066489,0.3723442206053437,0.4146676291880996
0.3705323688546371,0.4874005827381795,0.7735035210054096,0.4555373393981628,0.7003530803821546
3.560631251157087,1.294089249832482,0.3296968797689869,0.2478345132705735,0.5987008300296954
1.6131721282030125,0.9851121128857212,0.7343507804153514,0.3741117420978661,0.4895443530611117
0.4546441915455108,0.6105385083515412,0.6504376517801451,0.4696120446300043,0.6023576932397109
0.3078115610317868,0.0377966521407794,0.6036099881611156,0.3698541108887226,0.5337099102997814
3.611706826542079,0.7023560911794899,0.4413119476000492,0.2085347625916353,0.3444656156620025
0.3547505204935215,0.1649147283993532,0.6159963856392427,0.3619027733449679,0.3936528885104391
2.31480430342525,0.7160637086182544,0.762719434814198,0.375169084928119,0.2367245996088931
1.2667028429637028,0.7670366712754768,0.6434477589695797,0.3602694424254707,0.424461793433699
0.9488281720076152,0.5294112621205609,0.7783182502372669,0.3891740713650357,0.3697779150651644
4.163376896147099,1.1259868326438902,0.57003897309605,0.2856834190027468,0.4985350798526131
3.7650309461025753,0.5998297796642671,0.5683490114190176,0.405399954760139,0.5004520995836054
1.5388224035079292,0.9956681272522128,0.5213627244993502,0.38804689898347,0.5966820406805877
0.4417085045363626,0.187355957253188,0.6346886031738823,0.3339983539845373,0.4242160625445191
0.4287620846617047,0.8141899262494058,0.769246599029244,0.2131912080425755,0.492237607221167
0.054025611330447,0.4453688458650647,0.6708012669039354,0.2544335414171885,0.6237020909722698
1.1303237061955071,0.6831105332687126,0.5710051911597185,0.2633446884994343,0.254903491949097
0.6696732044639481,0.7094237804113297,0.5074025424204597,0.3220325579178997,0.4998782116759216
1.3743984028185432,0.6798339456488117,0.410600423833389,0.1452343334830002,0.53698327081411
3.693098400129148,0.7685671793595791,0.832060922712676,0.270264017565622,0.3927576590968836
4.002081362972744,0.5901464835675304,0.3591571173154204,0.177524370053999,0.2005466584404442
0.8441185083352122,1.0628825128668955,0.7784707784611459,0.2625215666942315,0.4842922311979626
2.305611670573108,0.4709229008669869,0.5096493221060309,0.1965240878319839,0.5151455165848285
4.304489854096251,1.33150183042377,0.7983846903701508,0.4472274388774164,0.5194015849943938
2.196561786933184,0.0800432177621377,0.5589560400787439,0.047536633038267,0.6835053056173953
2.966835815227255,0.2131235807092027,0.6529105623321996,0.1518994230427763,0.5921611403004653
2.657241653607977,0.3477789188053399,0.4466233624170619,0.1899760909144927,0.5107372384335406
1.0252125348029917,1.0867588427486778,0.4092938924352328,0.3449750874144479,0.4455877893048017
0.8647809856681035,0.4896656987568454,0.7565000773963902,0.2262474782583409,0.5694592995789852
1.3836002450584075,0.560262130821146,0.6549601962285938,0.3898478048199609,0.5607002331889418
1.0115175771096392,0.1098793338961665,0.6308304439204457,0.3198398805433002,0.4424076378788292
2.9766755546750194,0.5980198846432838,0.6851431401118125,0.5013383341709721,0.5066720789679463
0.1993928427995057,0.4867738753384901,0.7745037138690551,0.2647712450119314,0.5873819483670348
1.2805142829689276,0.3524189009084212,0.382736205232364,0.1261994307293915,0.4816500428121308
4.01623705855533,0.2155865273553892,0.7197448995002305,0.5131929723721965,0.5532824546829388
1.896059934504008,0.7842532262631593,0.2441951419145699,0.6139003199185378,0.3962994074197347
1.3452822421003796,0.4152854431476565,0.8057373086616179,0.2430781856464887,0.5842305363272847
0.0008009967799535,0.249336855772485,0.4328346107982403,0.3198012643449931,0.5671070427353601
2.5036086277722904,0.1594215968128327,0.4909057755186516,0.2574980640695258,0.4429492740454149
0.0125439444457481,0.8490661398380931,0.482221060878493,0.281005281746002,0.4851006929746397
0.0050252959292757,0.7854740323124438,0.2673832474310413,0.5361786373158044,0.299190038835927
0.9250109939028952,0.6362729760119865,0.4010986444942023,0.326977909353664,0.5543933812528312
4.204400763220067,0.6265252177345594,0.238176889956262,0.4721548059106514,0.4113906522375207
2.690127862813051,0.3066433611924792,0.5877641795630816,0.4102760015651023,0.520806525753917
2.906082272850601,0.4404301001231152,0.8283337751068206,0.1644674590638691,0.5210133293049168
0.486424093640356,1.051098864781978,0.4105941494935843,0.3613314633903849,0.5054368621639238
1.333255530594843,0.3348544703050808,0.7641312422249499,0.290822812622502,0.1922736773299777
1.794701392269439,0.5727460295193869,0.6043042776646497,0.3078140170915861,0.3692482645238467
0.7572304057397611,0.9607978156504324,0.8857860274898137,0.2480428855845163,0.5069350517617544
0.6371944279989088,0.0229861574587574,0.5166182600184751,0.3475911992069593,0.4378163013206733
1.7461490030056728,0.3778427593617613,0.7145524058837958,0.3626333594055984,0.5660736867324604
1.1885992548134532,0.3357268478176714,0.741170175123069,0.3915143854519509,0.3162803446429926
1.5526217879964874,0.9104801331124452,0.7658931502159682,0.331069635320525,0.6420208269575868
1.0929449259355986,0.3455730026180169,0.3383042259138306,0.157032673393189,0.4617583586331704
1.9135802618783893,0.2049240201641108,0.7583547723936273,0.2958724048751522,0.2586762135635144
2.8028755428378584,0.0363679479445833,0.1488385643558108,0.2740581428630144,0.60623541276578
3.0888950143748417,0.0839677851912412,0.5185529080015993,0.094493709044957,0.392321165923728
1.7569009498939303,1.251033754358238,0.8715486137997532,0.3413018912235693,0.3800259969298576
1.0980702830815998,0.7971048324432557,0.6446004692182484,0.5939459863894789,0.3983034680930254
1.6497852398602542,0.8396050577223533,0.7683815234079162,0.3282730138268612,0.5998189485175439
1.2452899716568575,0.2080776527615717,0.7511471813847873,0.4441329828931088,0.5948881086786885
0.2978942669736384,0.1412865468258722,0.6611689656984738,0.3782572367465003,0.510836990743923
2.629740243988729,0.4493155905873834,0.4188565022527272,0.2716898546391552,0.4278636427630364
3.947467811131745,0.7422303687604865,0.1450140368617837,0.2951104745467469,0.4592085555383243
3.959919407986817,1.3206003113508145,0.6232288200671737,0.2313789847349844,0.4512602058231825
3.314040293336934,0.9196889543536648,0.6158325073151906,0.5041651909711901,0.5172667434560996
1.3620960583240185,0.7691793235751984,0.4216777074543661,0.4793601728430488,0.475070255001132
2.153853271502619,0.2917639734641085,0.5274956044986404,0.2767846395196937,0.2806601968017723
0.7722050940494786,0.5143046483215549,0.5929785166427127,0.291848219202527,0.4350756170982563
2.528121452838433,0.9989054188954288,0.9586340953565824,0.1773250851913195,0.4534751756366571
0.2012948212388732,0.9800524778303952,0.6745372510686264,0.1844499958749897,0.6778323907534212
3.3299499342807617,0.217785706803467,0.3403025101158222,0.5090126862100175,0.4839556625752234
0.1063751163009341,0.7036831545761921,0.8501262896569268,0.3952539283084811,0.5543660216563707
1.9489369565456784,0.1825888613500534,0.5065138809849543,0.1750640834106525,0.5126511132800367
4.261032224246802,0.0261965439566215,0.4949681618198126,0.1290373465868069,0.6006209423992178
4.074566171375039,0.6258230924638539,0.5660341559406362,0.2582194292435029,0.5455066363841973
0.1265766216335286,0.6965368796525343,0.4008574637177537,0.5011249592824143,0.3682597041270165
3.35375375163193,0.1552298107783928,0.4728485519573586,0.3722760687649402,0.4767384797668455
1.3724366857087251,0.5080332018793453,0.5931926246661822,0.4390846705063012,0.3690707778437953
3.5232833447181213,0.4751766047952863,0.3511083067982595,0.1258889791407912,0.7000998506257916
0.6479743760366341,1.0917851775664622,0.5217220793325533,0.3167872095773585,0.5882576411405471
1.998229625360726,0.3601456248738051,0.35830264883197,0.033688396893296,0.3680903587259573
3.7550256521725633,0.6981444017114439,0.454795001281513,0.4300107277791301,0.4748169026140363
4.219379752992566,1.129369407016177,0.5462419787439938,0.3455580092759882,0.4339248992996301
3.4411045025790328,0.9616857516760612,0.3227713562486367,0.2754851410116501,0.5082311972411218
0.9163963820573868,0.5549284860942411,0.2819980354053142,0.3383756881935685,0.3071722518983766
0.0625698409246386,0.6833408920764921,0.4345698085183324,0.4993345515381242,0.6341993202154126
2.212159060079577,0.2796453783973605,0.0619143691259598,0.3953860675851,0.4476786276104636
0.6296275615984441,0.4801711213939044,0.3923027005555818,0.4403305967893798,0.6665598506174835
0.319491725585856,1.230166936803416,0.7238313237573202,0.3458665862898502,0.3686924213881299
2.925150151105707,0.54158865758414,0.7649066232484124,0.4556072821555559,0.4999582385530466
4.693113488625035,0.1791110509735725,0.21256847226839,0.3763070525826779,0.5888763714718278
1.528664883210208,0.938947012885313,0.4233479278411549,0.1813228120958201,0.1482474461561078
0.6896667441368477,0.4541955708803986,0.6600775465918796,0.4883219996112699,0.39030323229948
0.0851072765422609,0.2636380463593089,0.8575580266199887,0.1077403728214536,0.2626347133706689
1.562873017473131,0.1331558496581226,0.827784612490784,0.3542726260438532,0.5826121000093522
4.109563485246158,0.6616466906469748,0.143559629743668,0.3218073491785591,0.6953499766252351
2.534480562444144,1.263521558248294,0.8212879356627821,0.2748060287536537,0.5057878568886868
3.706786345955272,0.486024679415007,0.5002072315917515,0.5229051956264044,0.5756296671568282
0.3317107247322551,0.8150482014350269,0.2707639322753136,0.2587972656721203,0.5102611419262087
0.1989747752138852,0.2235455004093791,0.7158589511022738,0.4537600172208008,0.3947697990205824
1.453246407131709,0.5325858364906445,0.2226732083966549,0.3139530358500553,0.7184234238565466
0.7208976742723425,0.9882696234453512,0.8862881754655608,0.5606076440974425,0.5817795307660799
2.37880064477016,0.8288422889821772,0.3574989387403186,0.2045903155981424,0.5423925879944569
3.813036186586296,0.5847207719920916,0.8118790875707309,0.4430053247036914,0.5380750215665211
0.0054540137292015,1.0706525702462242,0.4288070245245609,0.4126405888153607,0.4367214053712854
0.7061320217186837,0.4187386171479683,0.599315399336217,0.2677690824453445,0.4463815405413615
1.446556441944819,0.6395130496723994,0.683335881940913,0.383825454227417,0.6572420624418833
3.520064928979988,0.7563385956303281,0.5916561278227844,0.4653721393631387,0.5352264321050211
2.45012845185309,0.1299536798828097,0.5385369524139433,0.51094284037741,0.6870649116386413
2.813264028232425,0.7895183366240555,0.4815128255794422,0.4223789590254251,0.4135723156191206
0.4886029406317771,0.7574991783148934,0.6445740341681154,0.2353513370412952,0.5714164982886568
4.527166819705293,0.7326810159304031,0.2645428891786838,0.3608416029448256,0.5792248920139684
0.8632747663697898,0.4312126162509518,0.3199509591836879,0.1439711344481953,0.630948912620744
1.4245941907962572,0.2080808356510525,0.7967342184424325,0.1058411961234558,0.3698970937719808
4.405117293229489,0.1600393927273886,0.1777890549496902,0.1326311929630045,0.3881679346339641
3.507733248179872,0.8075188746591013,0.4696296491721849,0.0950660251632467,0.3645709420114263
0.8257461762487674,0.0210584603484988,0.4791653241804586,0.623427073143687,0.5562920873025671
2.235489614049582,0.3866768425086542,0.3980442379238427,0.3493748452469811,0.4460259556829636
0.1847032738903425,0.7186977645632885,0.5476380201114145,0.3162061483269571,0.3309499450739905
4.031100779434475,0.5060328784140212,0.5010948854974446,0.5985108305328267,0.59844648130905
1.087603780678437,0.7411088668699276,0.3964103139793658,0.4361048536555165,0.4148042572451855
4.177328556670872,0.0327485590702937,0.6121146921147101,0.5373720075386672,0.7410979033736819
0.26342785859424,0.3727264019848584,0.4866552178567426,0.1624783070270959,0.1778985296475149
0.739716030834204,1.341301606283574,0.4387313625879095,0.2261090748736448,0.504009326610561
4.413260714919614,0.3401566726488913,0.1676196591839364,0.3082609153370443,0.6584174434584346
1.1954704701284886,0.6008762799483375,0.7869661748491896,0.4110897579250045,0.5377073239215846
4.359085514599812,0.5636965946069332,0.7758974879495587,0.378277156628854,0.4124949997102186
3.9004122430877537,0.190015727450795,0.3934808615228176,0.4411503885698956,0.517572731392457
1.0470881435840784,0.9610145478378778,0.3176512552124185,0.2173884678237646,0.6226168289968194
1.1546502234246152,0.3272782626114143,0.5983409323127513,0.232346265166206,0.2099997736736071
2.6019572630005245,0.0788617219359744,0.6946750706922522,0.5520920272130003,0.5845028519279718
3.3973301642905684,1.2363353806774189,0.5264050970424852,0.3444039550363704,0.1727450643893152
3.791964470905728,0.1598450522078901,0.5158969036770737,0.4937410136714987,0.4102630987369068
2.274624886202416,0.7120906203844631,0.3441219019158081,0.2090954104290332,0.5747542098376143
1.8287615955629777,0.0493002351295898,0.7061792176106412,0.1216386012412886,0.4526907824298095
1.7281817907777284,0.762610133540463,0.6932024378754335,0.5416023645855911,0.6244195759925365
4.431442739165218,0.3246439712385352,0.686122564710282,0.2845614706096852,0.3830761479185263
2.8024116234323246,1.0231519157533058,0.4811467005752074,0.307862089487981,0.7583997332606474
4.2654425663226885,0.7311422072744219,0.6147392384544444,0.1951813082901658,0.636912349628213
3.609618710484012,0.2244893200476095,0.6846772585140194,0.4363190472614013,0.3521259980347562
1.1844129375078298,0.760879451270129,0.4387516326744836,0.3017051380453797,0.4911433366770011
3.021780297537361,0.6425089760956492,0.5792751558809328,0.4774949515822475,0.4557258215453086
1.6559133121039844,0.7219894158157814,0.6281901401115816,0.2266602788430405,0.6368396465384165
0.4152610338037732,0.2861059020552509,0.6222827437622285,0.2912097765782764,0.4469588036492903
2.25810927863589,1.0541082597376512,0.5190829372698709,0.1654787629951438,0.7200370737060865
0.9406951743189408,0.8401501140347071,0.4539656862499062,0.394423675280346,0.4596119685163458
2.416997266620277,0.5439552386026063,0.0444881338078774,0.5136508735915484,0.6516363231513428
1.33658830684529,0.0643940822873972,0.7462105383208836,0.2253353406792696,0.5518014174396196
0.0526111035314854,0.7756899916476385,0.5164148399295305,0.1788454415934555,0.5526698321507227
3.236093021604553,0.9950155546525876,0.5128775502472374,0.4049108832671904,0.3393917958880431
3.826472697097715,0.5788747020722433,0.6276514896451059,0.275856969486985,0.5303151296589045
0.0598939797505785,0.8620448923445592,0.6950918065361367,0.4612302931881516,0.6228719471452799
1.5229852944166546,0.9277321792250256,0.5905667339684831,0.255655913221513,0.4647305664736229
0.7224029790082112,0.6625903959148021,0.8364244427028598,0.4128406542717051,0.4311877726680392
3.264101039703236,0.0967728939688941,0.7749920234109544,0.173496933406478,0.472298106148687
0.9999619493355724,0.5490526186983108,0.374370781621496,0.0780599592372673,0.2540051153765748
4.46592256987766,0.82748093467177,0.3516573753030329,0.4902915342897457,0.3771203890717522
0.0250824228071831,0.4780626609025046,0.5156356421443821,0.0916164226827395,0.3421094008579355
4.385970698885575,0.42174409265824,0.5072051909721471,0.2653396608339328,0.6003682980007651
0.4459673645733085,0.5609825460495728,0.851604156258846,0.3279095413301207,0.4569493620811283
1.7510561561498783,0.6695335725565372,0.6824789616889135,0.1436315858408848,0.456888452548742
3.5665659502807645,0.2068843584072072,0.7371732914132555,0.2054461100222286,0.5061437246198934
4.005762041552265,1.4448596913347789,0.5486995199662339,0.2623137720731474,0.5027334409596135
1.768804058255973,0.9548153259326538,0.8720252720908532,0.1820025774089242,0.1406081758426609
1.9268242453334128,0.0955835780498742,0.3975486835579708,0.5114376727389415,0.5089157222604441
3.711819704444287,0.9906648706488176,0.3119392120509193,0.3343023272048768,0.6983790053014844
3.931396722118626,1.2223927762578204,0.3142647019230698,0.1536226021434463,0.5193136599701714
3.936628891296549,0.3761753725379993,0.7781581951180048,0.4087953881477149,0.5664142118539212
1.5118884302258495,1.320634398468838,0.6022655997250876,0.3258179174443771,0.4550898270769814
2.962367574837,1.287785239598984,0.3560599039082162,0.3474347342128838,0.6918365618832777
1.30729211230668,0.9310453862755912,0.6934082833970961,0.2086361124940456,0.3335469142889685
1.3537116854172937,0.3286025532708929,0.0071969481922401,0.5050219899468428,0.5857868047972957
3.83374388061927,1.315362494273378,0.3452678411191457,0.3553300133312056,0.6008474760026851
1.7827964498566231,0.7796910880228491,0.8040182276323693,0.4053744230986398,0.2134491161858818
1.303539674102072,1.1241696861581685,0.4684299191605471,0.3551225881544513,0.5203101866746561
1.789603134533697,0.7111210050773448,0.4487433887272063,0.4883852933472221,0.6717488893880952
1.154057316305764,0.153584384949522,0.8645350713550323,0.2831226069694507,0.4598175986349234
1.4813589417461182,0.0775500034934502,0.403437473667267,0.1525336393854279,0.435647047943424
3.992144479926291,1.1753482955382362,0.2565531319402672,0.4844667337499239,0.7196251104323541
2.551032794953697,0.3787726318600098,0.3663470472068993,0.0888047670895701,0.5696468149210653
2.355369358215707,1.049444991889592,0.5478554455257799,0.4660935116389885,0.5136938603790681
1.903316189348108,0.7182511958298922,0.368925332581116,0.2353532287983401,0.4998919703505238
1.4186483304155482,1.2144633717409037,0.4099216748811327,0.0663823058441748,0.6084954341158479
3.477740319869492,1.0589352733511288,0.632006495368949,0.2647707814801961,0.6209187614411343
4.051792930593424,0.3775891638221989,0.635918187570014,0.0854240789517159,0.255929850525176
0.1351689949115586,0.3790178145182168,0.7809340758319858,0.3839999386232421,0.6266889761807906
3.096708183864985,0.6448999608359398,0.4156439212139886,0.3976851871600705,0.4948056768143458
0.92637138944345,0.9811162500225256,0.5849762975871241,0.4697579073325593,0.5237080474035626
2.5836135999463385,0.3658591357089785,0.3629214722038972,0.5308647102313567,0.5523321751447475
0.1220301785737107,0.1414772471961856,0.7664477102800002,0.6214925810152442,0.5648144818077997
2.533140150072386,0.1718006374194914,0.8038677130208448,0.4386210382220209,0.4245708009804252
3.370841926458037,0.4086235543957657,0.6294171030195472,0.1476285365957743,0.6621731679780458
2.3211033257296454,0.7241162322839974,0.2131335357796787,0.503328835700299,0.2201350054442551
0.0244762164117026,0.9200271090364636,0.6225034325344097,0.1055593491342205,0.4001153601025203
2.038141002430255,0.5184134856720187,0.4110936005623348,0.3350248559452518,0.4308059185942655
3.7271439029631614,0.7498998654062669,0.853185552044564,0.3275141457484221,0.5258079616792564
2.9146270454762315,0.3207517292437769,0.890645228040671,0.3123393321422236,0.5319606569294066
2.8500976103276527,0.6499205243265676,0.5805368003256495,0.505589328337586,0.5163837238982306
0.2591357898929243,0.1540299884870928,0.6428670054982488,0.1527019918180504,0.7413777220111416
2.7290549137481865,1.1262554444805952,0.2546787440676576,0.3759860801364465,0.3551040855571259
2.943503541145001,1.4811133489131374,0.3076778071403669,0.1691116136527645,0.3495380182286768
3.069966442144596,0.8988265106344535,0.0806862435877082,0.5616875872201288,0.5617468200835766
2.4052131887316137,0.6269450569099759,0.5184385404377878,0.2938408953645766,0.5322550678476949
0.4508542832251279,1.3297642511545755,0.7412256380593181,0.452434957081733,0.6791041269014663
1.9734431965188324,0.751693254046557,0.4491833589349427,0.119441689196185,0.5079064754372152
2.590722573043677,0.341114326091792,0.2613538205091664,0.3590067982573633,0.4732133785400639
1.409759034292677,0.3003963235614993,0.7121349345495809,0.3910073332978899,0.7069214046043897
2.2861870504706694,0.0987950855964396,0.6578961522331808,0.211543853953148,0.7148209342464897
0.6153975005687325,0.6741060050659766,0.4479586461083367,0.574909713805121,0.3946626268135684
1.6556349730585962,0.6269515911209202,0.6523773400169959,0.2644461165221953,0.5763353893603907
0.9992625815341178,0.4647163629990378,0.5531709745823257,0.234509662620728,0.1987606242792624
0.4697416037255163,0.5777653909015041,0.4752070780817293,0.2046128818482111,0.6335828975629502
0.8469070508518048,0.777075695571866,0.696247509280246,0.5023927652160609,0.5580370254779848
1.088816623444754,0.126595729347174,0.4258270773853697,0.2695037572549038,0.3565084284277351
3.375901848583501,0.2650924992617556,0.2778142463921084,0.4386235796152946,0.4947837478912621
1.167559654232129,0.422587212710196,0.6315846617099768,0.4343770816420086,0.5705540692484804
2.3227486000657693,0.9886588859778488,0.292613731029302,0.5919189411861446,0.486333505721071
3.559310841440068,1.0190026531603151,0.6357120878370569,0.480956981696003,0.3637471279630316
1.2988517275986533,0.7954673778426122,0.4040958498209693,0.4104218539156533,0.3528865669418
3.7868215412388624,0.847277627309568,0.6324989342539438,0.2417525975033883,0.629416355596177
1.187485399486225,0.916804127998385,0.628644413365281,0.3513113237743197,0.6934158598322079
0.8746420742906666,1.49842072018928,0.614247989071567,0.4644282726081272,0.3833216639839722
4.014965398564606,0.1513755767651538,0.5762788562876625,0.522191640549719,0.5116415792010774
4.788464632901989e-05,0.2648281132089106,0.2006090837313748,0.1211545182889733,0.5181644631781214
0.0269580856283682,0.608971560142331,0.5332133490635412,0.4398256273618194,0.6348642190132655
0.9149744870530112,0.1535443559531266,0.5559080985566275,0.2597119794099559,0.4204870249301984
0.1245996132170843,0.8122541134258285,0.713564065967109,0.2236622707880626,0.2661012534577948
2.2227309823308605,0.1804299488578093,0.5276577102364286,0.3483204886692794,0.5100514983393578
0.4811361914795148,0.9630894477454522,0.4281613640902368,0.4070942000245848,0.4618061427605942
0.0297115329969486,0.6475652617068813,0.4246304744811131,0.4215333451184575,0.5537101386100864
1.768133008201722,0.3181596366739889,0.7101161427720638,0.4098166162749642,0.514199195596552
3.652388384439457,0.1294425083331356,0.3469432734344251,0.3343908105444749,0.5911705465004405
0.2065595678444138,0.9025855593494572,0.7223514633177753,0.3009543851927552,0.4829134996974289
1.8435035004848583,0.5296199184982776,0.5500986300837831,0.4562417767727413,0.1867406881803445
1.2549913866635225,1.2554131644836006,0.9064276356397234,0.4100566563929461,0.4910614650725931
0.4487872391990447,0.1269307842494687,0.4586311125998932,0.2059897633330417,0.5267526978477374
1.8138461303406224,0.6796201841627825,0.7498385823271785,0.3075704610115188,0.7034287240233805
3.86445686161701,0.2422157350372415,0.5596362405316391,0.2838310231604384,0.3494613523425641
0.593208536801153,1.000497443679921,0.6021888578603479,0.5082105268070254,0.5176510921740796
1.6230300703826497,0.321761693879117,0.3107190763769002,0.2635668320739158,0.3795415493594469
1.8813873425192549,0.6225028111132895,0.4988575394416193,0.3759856961828097,0.641948027746137
0.8324396127194089,0.524765996436403,0.636046824120711,0.3139002704080313,0.4372296662525471
1.6104725502477513,0.2961497147547497,0.7042915362241884,0.3986188678208661,0.7782528151664078
3.011646692353428,0.4367181212049127,0.5633970725756062,0.2258198039529848,0.6964595669138063
0.0075730546616184,0.3271239634017981,0.5905021120531713,0.2256808745094331,0.6848416199936759
0.3830055732399753,0.1427837740887143,0.6517181836451019,0.213143905076657,0.628813743915525
3.7412050816099214,0.4595267491773922,0.6908726878472305,0.2097046152216571,0.3380796771398857
3.389495587820365,0.5527121245373107,0.42860907899696,0.1823438849682966,0.3581609307701112
2.8469420577614857,0.1747684363890879,0.4539582012189338,0.3325414189599733,0.2450390476213324
0.004291206693198,0.85880641400963,0.4810623987537742,0.1373856743395773,0.6890898277592211
0.4708259244402086,0.636301914076479,0.6859320546984236,0.4119523674116937,0.4671541420255003
3.1725037635732054,0.374361509116099,0.6289849118358934,0.4058723888172853,0.5460003798795973
1.6074422994402342,0.9716767344541796,0.5210132948858839,0.4249690316426111,0.6072326311976675
0.0709082434749753,0.3512501056752203,0.2153203086033271,0.3990594107457153,0.6411982246601011
0.9985536493070876,0.4056120993751921,0.4566012971656026,0.1701065719843075,0.4080193691098337
0.1604169974435335,0.639079567170856,0.8238984757665098,0.2415658194076962,0.3441707909036761
2.3259230703979,0.8182199341104603,0.5213591019298492,0.3750354345769834,0.5688450999592044
2.44051556732119,0.5026631115788108,0.2289843491038012,0.3831653190705665,0.5206421010010699
2.945981175040181,0.6450233613339013,0.3441653566703929,0.037417640798565,0.6461820515283214
1.856522817926738,0.4705992482917834,0.5194223848252347,0.3938248064087212,0.3938701558975339
3.3871646348778146,0.7318349331013139,0.2535672010177976,0.3615540060231889,0.3040570474532008
2.887830141204859,0.1564924616137505,0.7209959450710901,0.3771511649622386,0.5354912173271852
3.992516929962262,1.191413917217629,0.8414383293880718,0.4116653186825019,0.6629997277067636
4.127930139714688,0.4617913733876408,0.2178785344198379,0.2522232501638254,0.0838079644240971
4.655704156043863,0.6775818877639989,0.3989617864580634,0.1645097714795597,0.1805274942507458
1.5986653739754475,0.2497881942537937,0.687866721569358,0.4565929218276071,0.4045875614625546
4.308088370374097,0.6044118234860546,0.403436087583017,0.0712070207112256,0.5447937737555854
4.134600529405094,0.6209074481268414,0.7998111619943865,0.3216429381264697,0.2952682053772486
1.102564256170426,0.4696889999750058,0.1826116823910287,0.1804891987870756,0.7121097687724407
2.5472890376906734,0.0020147214409431,0.1672050170019534,0.3300514421066545,0.5494081454828983
0.1536059908349267,0.5443613360399054,0.2925921875294155,0.4759501020192067,0.3879980225568493
4.527176394639207,1.2252711235446003,0.3549734384513994,0.3500125350085761,0.2277282463217194
3.836153743676741,0.7492512146437588,0.2613991203145577,0.5666723652094947,0.5437779962173138
0.0222459024426894,0.2279818486061386,0.6741753914517523,0.4297743813886234,0.2217741801817582
4.065840544695968,0.118404407668686,0.1105676542555199,0.5847366081011095,0.5319292599824365
3.753910506816207,0.4315686841729904,0.5552644754986341,0.4743162725182471,0.3716959746829574
2.647227479295327,0.8195104092227524,0.2753627389039082,0.3955231086944907,0.5016690891576354
3.0838271064534326,0.5041523896297024,0.4014049155948128,0.2192970458238348,0.4546278970935681
2.3807939517031445,0.0358788623916983,0.0657098831440415,0.3118052035708352,0.430833269256695
0.0330085634234358,0.2124177818270182,0.4911919899220204,0.321665818349072,0.5142204739914908
0.3862029310653179,0.1502111376318215,0.7427703104868962,0.4602344617375203,0.4773132319942937
3.0579162137718723,0.3613840078718017,0.8070055345541839,0.1837140032251433,0.7159499365522557
2.5085289720470896,1.0654083186197625,0.4029223375090364,0.3005562123348048,0.3468884692810201
1.6839298896335588,0.4182697763198433,0.2916605589268955,0.1737086150851864,0.394304617475909
2.697210662655878,0.7822956611975749,0.8393750118428802,0.2955095990596162,0.5225127110598413
0.0618490310627209,0.5572384196664153,0.7023952677223372,0.4237340603086395,0.5999415229626227
3.8238795592374224,0.5808509083586085,0.4443210212153722,0.1490176096505496,0.5390824372019779
2.026091935556779,0.0451797540917348,0.2950555357845529,0.4904289052805555,0.500982910492311
0.3308111998339814,0.4148091998570481,0.7189185534757857,0.1415902939265254,0.774761009861473
0.949319150912142,0.0388888449174396,0.3439546819303502,0.2303398331329406,0.636962752562997
0.1452347930346078,0.1222030739083046,0.170718865175199,0.3880732613376,0.189217537857194
1.8292579725065312,0.1668776552413597,0.4878162316194196,0.4081955616668633,0.3205118104189667
3.3977964436523247,0.8937170169496724,0.4227369438570115,0.1714487588291556,0.5680728208840876
2.931705648307221,1.484186866923303,0.4920113302902156,0.0975496643787586,0.5467581915093023
0.0376028015983604,0.672903551197719,0.4655332506378873,0.355260774807417,0.484358511080996
0.4471435920445769,0.8984170533954422,0.4247375296197268,0.1484473330703926,0.2293551104554119
2.158800390407033,1.399156452473166,0.080311274046569,0.2615445726627297,0.6148930270380193
3.360117957004852,0.6978497288321961,0.5365649261652388,0.3348174215456526,0.5003970884441062
1.971654705592074,0.5209490533677003,0.7933649010397639,0.363867400872629,0.4557307906257293
3.439300366481861,0.6899668389241622,0.8560814202189401,0.2612188170895612,0.4811165949819957
3.0043702884776087,0.6091350123333079,0.3893038503439915,0.1656919589603335,0.6741046126198355
2.3597198494057383,0.0580178492532817,0.56327765768808,0.2291165698197833,0.4723411918620671
0.2359124925089789,0.3531568303207285,0.5072595090309463,0.5287213365067235,0.2321882217570834
2.83284402349564,0.2680687591050465,0.3979065257609211,0.3624010091450365,0.6131388775778619
2.878313844233737,0.601107042050854,0.7343238072629339,0.3541251598449707,0.6277984953570984
2.4266238676728142,0.6199521941470423,0.4416417107570603,0.2891109873904629,0.3735235982419789
3.240122450134513,0.2997444616584729,0.7066647896413242,0.2808389617251614,0.337967609262093
4.188942084955063,0.5961827250380247,0.5474582983530035,0.1269521604045247,0.2370890470013947
4.0580137642576215,0.4890031024532947,0.30255119980938,0.2811874936920885,0.3107795749743218
2.582704663548528,0.3626018364818819,0.3282286095763182,0.1976749622816621,0.417594019433228
0.998951700935658,0.830166978016761,0.1237643896722747,0.284179746489471,0.4198326427858169
2.311910121706677,1.1995986937851617,0.844340765570097,0.5410527304385675,0.617842719507112
0.0164159454235757,0.4327896274371267,0.257292890749997,0.2090485736182809,0.4395636098176232
2.2569786796100173,0.0724446679342394,0.5316297177784419,0.5451385033685082,0.6601877385889329
1.6551445977007104,0.4627995147472853,0.5876232372893052,0.245823371199171,0.6719239823890758
3.738776514266598,0.8741452061846386,0.54950344447893,0.2947360894482612,0.4243247478223965
2.295234077383312,0.8545260368533417,0.7859400972141936,0.2124852119381967,0.2551650240863966
0.1430764909202568,0.1834933124427546,0.7094936173709644,0.2941237246416983,0.4098154763557899
4.510129195504326,1.0350979143762578,0.6031572145767419,0.367816872232365,0.1730920657998407
4.136622598813903,0.6216975735785908,0.3841381433226976,0.2006737711168917,0.3989066871184543
1.5808532360604324,1.0305001888048684,0.3371986327608204,0.3326541501706788,0.5664012965939138
3.422015537380501,0.5849701375521204,0.4525788762677875,0.3650738364660549,0.2802927867614131
0.8194862446025555,0.4451959559761521,0.7044906482150927,0.2658983397707938,0.6337645067753658
1.4770866925652195,0.3292886383528747,0.4456302670156273,0.3225089434079436,0.5188025251801657
1.2101203572746388,0.0850642796816194,0.5619211726954736,0.3754736068242957,0.3972312345453285
2.061288287761396,1.303183548190697,0.2647239278973435,0.2153410458938646,0.3724080294750133
3.8557718999270216,0.5844305844345297,0.3661703949200824,0.4208572692958217,0.6310983875963956
3.871239382255962,0.648097622015762,0.3226644939395611,0.2075619710671851,0.6401952287036315
1.9137804175718307,0.8274537216302563,0.7701305163238898,0.3758757382780394,0.554404320566372
2.830787569908116,0.3634726132059021,0.6766569586366908,0.4405599290559177,0.6551330408533947
4.18208554849549,0.2682071126658255,0.3821484336919555,0.1782902123097368,0.3500649012532937
3.632891906673012,0.1254964313802046,0.5838306005391397,0.0855194110829583,0.5524133637823171
0.4206299485085906,0.2481124706311935,0.4209415267135822,0.2133690392043176,0.6462880181446378
3.234595780750308,0.0030098526998971,0.4567209304424044,0.4107770182611924,0.3019064300039
0.789367976389095,0.8668891887071979,0.4491473791303973,0.1685419045124733,0.2058195359271917
4.142807401833932,0.6454072726447216,0.7037788756038603,0.1224572959219863,0.4590093829091459
1.057629732281928,0.4987346726095567,0.6843287778929557,0.2159184495172095,0.5233818093228141
2.9695528404673435,1.0660939776878064,0.223465172613554,0.3409847639804598,0.517699171156361
1.9620150884278056,0.9954683638506812,0.8802091743688233,0.4530814608778592,0.4211135206494598
4.055952387178111,0.3890121724102633,0.5883652325396125,0.1705192365235243,0.4008750882721706
0.6658296066850001,0.3528181024203878,0.5447792056219126,0.3971808064190288,0.5757948455670374
1.400816699176452,0.5408022160404463,0.3327897320415171,0.4095837208823149,0.6430475184859541
2.648530149125623,0.376839182427133,0.6883682277090348,0.3652912817068101,0.2922951732513935
2.646158233142113,0.5444032222712197,0.5426714122990579,0.269039632295362,0.5407948215326822
2.942433455478921,0.7443435062644493,0.5041503536869714,0.3254951683965643,0.2762117698142988
4.016393567143658,1.2115967985172285,0.7920645514071032,0.4895377896677829,0.4878487162935401
0.1079174239459261,0.9937208212283166,0.2726113441669241,0.4534845367422599,0.467362204325918
4.129471821952097,0.1992164843093446,0.6539485626752102,0.3840306529164729,0.3195911153829986
0.7175328711554417,0.676834179648745,0.7572093299445342,0.2154991197507631,0.3281082885041734
0.2119425433213979,0.6103715554176937,0.7347409134200976,0.2901598455777374,0.0873672195164724
2.650144128121961,0.6310927749223579,0.4303410256111035,0.3799909919691959,0.5357711458342218
0.8638801038966959,0.7559567744085534,0.5586370331472805,0.174650261631201,0.5697493800725772
0.1680314390083898,0.0817847537612798,0.7523812354815896,0.2318498450088283,0.5593408026173082
1.4159837064979015,0.6253894877570593,0.4140161881626659,0.0778284215412386,0.4178780567929452
1.7005111857547903,0.0094605920763102,0.522812173188006,0.1549642902885653,0.4995711374095472
0.0148597401732248,0.1365326167818117,0.3871763590389188,0.2983387595202282,0.6030077025446343
4.759521561057529,0.4656698725483759,0.7666056548545169,0.4245543869481611,0.5621077135549053
3.404347080389137,0.4613954706721268,0.5316672192601594,0.4116274711114016,0.518469202787141
4.247141500393252,0.0275188714945762,0.4941064482129351,0.3404489963211506,0.5595196373824015
0.7114408855375002,0.1143556231040982,0.3398610492245453,0.6447703268243088,0.4807841594330039
1.8093392589313215,0.2022487128325211,0.4479581551969837,0.1084191569794749,0.376346225878522
3.441700257828894,0.0914559005321732,0.4078863323285411,0.0835046680892941,0.6392734629967175
2.655222116384081,0.2015888795530598,0.5224458544508982,0.0810355327914176,0.6048251293226415
1.4879579273874322,0.3298272128333011,0.4194254487999266,0.4983191314179501,0.5264108173277651
4.050849598363416,0.1260943684762446,0.6906593990018086,0.2351788907932232,0.7811171688199039
2.1428841966348444,0.406679253664063,0.8649626711329134,0.348963065009036,0.5325028774129236
1.9433248199160844,0.2122436346339898,0.412406613404513,0.3852856529102982,0.4233432377953483
0.0054916435593094,0.9828066640958708,0.7488859036102001,0.4552339545744411,0.4503310658996321
1.9015998644833607,0.5092806429192249,0.660400850599984,0.3592001856237629,0.5103717842712533
3.213541215950768,0.4119405287190041,0.6344366264853123,0.1800959169219825,0.4711800584236721
0.6168070486892528,0.5654158299585889,0.5511473453537081,0.3873707471202512,0.3278481048800529
1.8923916427197616,0.3684139315895374,0.4339693986662001,0.4605523914763704,0.4290997933497105
0.6717035421959816,0.4980513856770219,0.727227585983763,0.2108407798055213,0.2680655787835324
1.0788211061507045,1.1366616878993014,0.7066452233566684,0.4815127561460775,0.3358573850468972
2.936819743335782,0.6155874908741304,0.2936089939336426,0.3393303232632589,0.5081952032837385
0.1877203271758945,0.6469126236521215,0.4077855184776643,0.0290237912015386,0.4722332005282899
3.3709964472088005,0.2587648769026424,0.5946583508963253,0.1022335080506905,0.6240335832325362
1.1678387493853182,0.183225281471784,0.721107749296099,0.2857245086648172,0.3841799722223226
1.6210314821349074,0.2088431639472042,0.6259037140325736,0.3393293052686096,0.4969915754230315
3.0892600486253268,0.075435798928161,0.3659906629620515,0.242770054135687,0.623065016255237
2.9220765113102107,0.7402527200061219,0.5660719229559511,0.4738813991247367,0.2924211583584845
2.829802939270209,0.7997696390659649,0.4851159750657688,0.4065076419161073,0.4385937038617546
0.1023334296334087,0.1178099742199826,0.5858574043515787,0.4276582810506162,0.5657218579699234
2.443981531786754,1.0694003799137863,0.3476515950612725,0.3069977212658441,0.6079513627309134
0.8736401005289136,0.9791852888403768,0.7769287570376706,0.3777032431459901,0.3971504475939416
3.764162284648802,0.6607798234751905,0.1438857706533267,0.3963890478118189,0.72652924032224
2.7981198072480447,0.7192519383788887,0.5794864878852448,0.3723786144667484,0.6268619240039225
2.2157786859885307,0.7684721020543007,0.4187104299739259,0.4012554362915128,0.5318306027934138
4.105980631651595,0.6143062505356455,0.6495300724471168,0.3291862865978602,0.3284586382361138
1.348089676524746,0.4165482226932186,0.4533864260267763,0.3849606866293061,0.6466940990473004
3.2309547651740957,0.1711583138531243,0.8361285420912479,0.4403447824547227,0.4716565684206333
2.187089931502403,0.5932083903068693,0.3127848526700824,0.2057168542728653,0.4521757099930215
0.000231520597499,1.2764413110589814,0.3529203194048978,0.3447298362546429,0.256598781522752
0.9368690332207068,0.3243010425960544,0.5596098641723866,0.4661430477216155,0.3873281472803829
3.5348789783051773,1.192876632748084,0.8416215404929822,0.137550611493335,0.5355836911041538
4.629893515593282,1.0990533474827278,0.8105841599781676,0.2923241751516048,0.4268984872233536
3.801645889970945,1.025366423360421,0.4999479139903783,0.2248422377756165,0.314818275404639
2.2104248684555325,0.6616738553690213,0.8467537592786356,0.2958751598475322,0.4897196231546955
1.1197848681602007,0.6335463565137377,0.6713837299862917,0.5688424280732218,0.4195912906303582
2.2030634103399187,0.111750268257065,0.5034867639491875,0.4227571931584055,0.4746331042064036
4.821379105374451,0.2259736034943794,0.5758537201402346,0.5855296690788706,0.222406972201743
0.5614918763621594,0.1370990451411847,0.6282163484118946,0.3919589831111754,0.6774387976332479
0.6162658052843152,0.4821301964542703,0.5651497916377376,0.4441547123678076,0.2011359795966765
3.3296989012249414,0.3117915161334336,0.8819815406122966,0.076656392677431,0.4824556853923925
0.9688265611236958,0.9081272838307076,0.4065312775833608,0.3283749564524915,0.4874128559296954
1.2226452049059762,0.2718242051755754,0.7901032649569374,0.1243966561877943,0.750733338369146
4.025292047090085,0.2418418487375509,0.4652905185531308,0.3782989067138789,0.085507978214724
1.4970694257903132,0.6222006529088651,0.7954346988771943,0.756620125365002,0.4703789336833494
2.3300710851190773,0.6779077046996848,0.4052651849007415,0.2187539894812153,0.4948064687219811
2.666534426571328,0.2761605818320696,0.8084168564727731,0.2175721247813306,0.3171012263773225
3.757639328541389,0.1672523038409294,0.4954299264849955,0.2604143000471932,0.4904806389913067
0.3653245535459885,0.4080196067931481,0.8253237568013285,0.5306985344257852,0.2048588699827356
